"Y","LnpA","LnpB","LnpC","LnpD","GltA","GltB","GltC","GltF","GltG","GltH","AgaBb","BbgIII","AgnB","BbhI","BbhII","BbhIV","BbhV","LnbB","LnbX","NagBb","EngBF","BbAfcA","BbAfcB","SiaBb1","SiaBb2","BgnB"
0,"0","0","0","0","0","0","0","0","0","0","0","0","0","0","0","0","0","0","0","0","0","0","0","0","0","0"
0,"0","0","0","0","0","0","0","0","0","0","0","0","0","0","0","0","0","0","0","0","0","0","0","0","0","0"
0,"0","0","0","0","0","0","0","0","0","0","0","0","0","0","0","0","0","0","0","0","0","0","0","0","0","0"
0,"0","0","0","0","0","0","0","0","0","0","0","0","0","0","0","0","0","0","0","0","0","0","0","0","0","0"
0,"0","0","0","0","0","0","0","0","0","0","0","0","0","0","0","0","0","0","0","0","0","0","0","0","0","0"
0,"0","0","0","0","0","0","0","0","0","0","0","0","0","0","0","0","0","0","0","0","0","0","0","0","0","0"
0,"0","0","0","0","0","0","0","0","0","0","0","0","0","0","0","0","0","0","0","0","0","0","0","0","0","0"
0,"1","1","1","1","1","1","1","0","0","0","0","0","0","0","0","0","0","0","0","0","0","0","0","0","0","0"
0,"0","0","0","0","0","0","0","0","0","0","0","0","0","0","0","0","0","0","0","0","0","0","0","0","0","0"
0,"0","0","0","0","0","0","0","0","0","0","0","0","0","0","0","0","0","0","0","0","0","0","0","0","0","0"
0,"0","0","0","0","0","0","0","0","0","0","0","0","0","0","0","0","0","0","0","0","0","0","0","0","0","0"
0,"0","0","0","0","0","0","0","0","0","0","0","0","0","0","0","0","0","0","0","0","0","0","0","0","0","0"
0,"0","0","0","0","0","0","0","0","0","0","0","0","0","0","0","0","0","0","0","0","0","0","0","0","0","0"
0,"0","0","0","0","0","0","0","0","0","0","0","0","0","0","0","0","0","0","0","0","0","0","0","0","0","0"
0,"0","0","0","0","0","0","0","0","0","0","0","0","0","0","0","0","0","0","0","0","0","0","0","0","0","0"
0,"0","0","0","0","0","0","0","0","0","0","0","0","0","0","0","0","0","0","0","0","0","0","0","0","0","0"
0,"0","0","0","0","0","0","0","0","0","0","0","0","0","0","0","0","0","0","0","0","0","0","0","0","0","0"
0,"0","0","0","0","0","0","0","0","0","0","0","0","0","0","0","0","0","0","0","0","0","0","0","0","0","0"
0,"0","0","0","0","0","0","0","0","0","0","0","0","0","0","0","0","0","0","0","0","0","0","0","0","0","0"
0,"0","0","0","0","0","0","0","0","0","0","0","0","0","0","0","0","0","0","0","0","0","0","0","0","0","0"
0,"0","0","0","0","0","0","0","0","0","0","0","0","0","0","0","0","0","0","0","0","0","0","0","0","0","0"
0,"0","0","0","0","0","0","0","0","0","0","0","0","0","0","0","0","0","0","0","0","0","0","0","0","0","0"
0,"0","0","0","0","0","0","0","0","0","0","0","0","0","0","0","0","0","0","0","0","0","0","0","0","0","0"
0,"0","0","0","0","0","0","0","0","0","0","0","0","0","0","0","0","0","0","0","0","0","0","0","0","0","0"
0,"0","0","0","0","0","0","0","0","0","0","0","0","0","0","0","0","0","0","0","0","0","0","0","0","0","0"
0,"0","0","0","0","0","0","0","0","0","0","0","0","0","0","0","0","0","0","0","0","0","0","0","0","0","0"
0,"0","0","0","0","0","0","0","0","0","0","0","0","0","0","0","0","0","0","0","0","0","0","0","0","0","0"
0,"0","0","0","0","0","0","0","0","0","0","0","0","0","0","0","0","0","0","0","0","0","0","0","0","0","0"
1,"1","1","1","1","1","1","1","0","0","0","1","1","1","1","1","1","1","1","1","1","1","1","1","1","1","0"
1,"1","1","1","1","1","1","1","0","0","0","1","1","1","1","1","1","1","1","1","1","1","1","1","1","1","1"
1,"1","1","1","1","1","1","1","0","0","0","1","1","1","1","1","1","1","1","1","1","1","1","1","1","1","1"
1,"1","1","1","1","1","1","1","0","0","0","1","1","1","1","1","1","1","1","1","1","1","1","1","1","1","1"
1,"1","1","1","1","1","1","1","0","0","0","1","1","1","1","1","1","1","1","1","1","1","1","1","1","1","1"
1,"1","1","1","1","1","1","1","1","1","1","1","1","1","1","1","1","1","1","1","1","1","1","1","1","1","1"
1,"1","1","1","1","1","1","1","0","0","0","1","1","1","1","1","1","1","1","1","1","1","1","1","1","1","1"
1,"1","1","1","1","1","1","1","0","0","0","1","1","1","1","1","1","1","1","1","1","1","1","1","1","1","1"
1,"1","1","1","1","1","1","1","0","0","0","1","1","1","1","1","1","1","1","1","1","1","1","1","1","1","1"
1,"1","1","1","1","1","1","1","0","0","0","1","1","1","1","1","1","1","1","1","1","1","1","1","1","1","1"
1,"1","1","1","1","1","1","1","0","0","0","1","1","1","1","1","1","1","1","1","1","1","1","1","1","1","1"
1,"1","1","1","1","1","1","1","0","0","0","1","1","1","1","1","1","1","1","1","1","1","1","1","0","1","0"
1,"1","1","1","1","1","1","1","0","0","0","1","1","1","1","1","1","1","1","1","1","1","1","1","1","1","1"
1,"1","1","1","1","1","1","1","0","0","0","1","1","1","1","1","1","1","1","1","1","1","1","1","1","1","0"
1,"1","1","1","1","1","1","1","0","0","0","1","1","1","1","1","1","1","1","0","1","1","0","1","1","1","1"
1,"1","1","1","1","1","1","1","0","0","0","1","1","1","1","1","1","1","1","1","1","1","1","1","1","1","1"
1,"1","1","1","1","1","1","1","0","0","0","1","1","1","1","1","1","1","1","1","1","1","1","1","1","1","1"
1,"1","1","1","1","1","1","1","0","0","0","1","1","1","1","1","1","1","1","1","1","1","1","1","1","1","1"
1,"1","1","1","1","1","1","1","0","0","0","1","1","1","1","1","1","1","1","1","1","1","1","1","1","1","1"
1,"1","1","1","1","1","1","1","0","0","0","1","1","1","1","1","1","1","1","1","1","1","1","1","1","1","1"
1,"1","1","1","1","1","1","1","0","0","0","1","1","1","1","1","1","1","1","1","1","1","1","1","1","1","1"
1,"1","1","1","1","1","1","1","0","0","0","1","1","1","1","1","1","1","1","1","1","1","1","1","1","1","1"
0,"1","1","1","1","1","1","1","0","0","0","0","0","0","0","0","0","0","0","0","1","0","0","0","0","0","0"
0,"1","1","1","1","1","1","1","0","0","0","0","0","0","0","0","0","0","0","0","1","0","0","0","0","0","0"
0,"1","1","1","1","1","1","1","0","0","0","0","0","0","0","0","0","0","0","0","1","0","0","0","0","0","0"
0,"1","1","1","1","1","1","1","0","0","0","0","0","0","0","0","0","0","0","0","1","0","0","0","0","0","0"
0,"1","1","1","1","1","1","1","0","0","0","0","0","0","0","0","0","0","0","0","1","0","0","0","0","0","0"
0,"1","1","1","1","1","1","1","0","0","0","0","0","0","0","0","0","0","0","0","1","0","0","0","0","0","0"
0,"1","1","1","1","1","1","1","0","0","0","0","0","0","0","0","0","0","0","0","1","0","0","0","0","0","0"
0,"1","1","1","1","1","1","1","0","0","0","0","0","0","0","0","0","0","0","0","1","0","0","0","0","0","0"
0,"1","1","1","1","1","1","1","0","0","0","0","0","0","0","0","0","0","0","0","1","0","0","0","0","0","0"
0,"1","1","1","1","1","1","1","0","0","0","0","0","0","0","0","0","0","0","0","1","0","0","0","0","0","0"
0,"1","1","1","1","1","1","1","0","0","0","0","0","0","0","0","0","0","0","0","1","0","0","0","0","0","0"
0,"1","1","1","1","1","1","1","0","0","0","0","0","0","0","0","0","0","0","0","1","0","0","0","0","0","0"
0,"1","1","1","1","1","1","1","0","0","0","0","0","0","0","0","0","0","0","0","1","0","0","0","0","0","0"
0,"1","1","1","1","1","1","1","0","0","0","0","0","0","0","0","0","0","0","0","1","0","0","0","0","0","0"
0,"1","1","1","1","1","1","1","0","0","0","0","0","0","0","0","0","0","0","0","1","0","0","0","0","0","0"
0,"1","1","1","1","1","1","1","0","0","0","0","0","0","0","0","0","0","0","0","1","0","0","0","0","0","0"
0,"1","1","1","1","1","1","1","0","0","0","0","0","0","0","0","0","0","0","0","1","0","0","0","0","0","0"
0,"1","1","1","1","1","1","1","0","0","0","0","0","0","0","0","0","0","0","0","1","0","0","0","0","0","0"
0,"1","1","1","1","1","1","1","0","0","0","0","0","0","0","0","0","0","0","0","1","0","0","0","0","0","0"
0,"1","1","1","1","1","1","1","0","0","0","0","0","0","0","0","0","0","0","0","1","0","0","0","0","0","0"
0,"1","1","1","1","1","1","1","0","0","0","0","0","0","0","0","0","0","0","0","1","0","0","0","0","0","0"
0,"1","1","1","1","1","1","1","0","0","0","0","0","0","0","0","0","0","0","0","1","0","0","0","0","0","0"
0,"1","1","1","1","1","1","1","0","0","0","0","0","0","0","0","0","0","0","0","1","0","0","0","0","0","0"
0,"1","1","1","1","1","1","1","0","0","0","0","0","0","0","0","0","0","0","0","1","0","0","0","0","0","0"
0,"1","1","1","1","1","1","1","0","0","0","0","0","0","0","0","0","0","0","0","1","0","0","0","0","0","0"
0,"1","1","1","1","1","1","1","0","0","0","0","0","0","0","0","0","0","0","0","1","0","0","0","0","0","0"
0,"1","1","1","1","1","1","1","0","0","0","0","0","0","0","0","0","0","0","0","1","0","0","0","0","0","0"
0,"1","1","1","1","1","1","1","0","0","0","0","0","0","0","0","0","0","0","0","1","0","0","0","0","0","0"
0,"1","1","1","1","1","1","1","0","0","0","0","0","0","0","0","0","0","0","0","1","0","0","0","0","0","0"
0,"1","1","1","1","1","1","1","0","0","0","0","0","0","0","0","0","0","0","0","1","0","0","0","0","0","0"
0,"1","1","1","1","1","1","1","0","0","0","0","0","0","0","0","0","0","0","0","1","0","0","0","0","0","0"
0,"0","0","0","0","0","0","0","0","0","0","0","0","0","0","0","0","0","0","0","0","0","0","0","0","0","0"
0,"0","0","0","0","0","0","0","0","0","0","0","0","0","0","0","0","0","0","0","0","0","0","0","0","0","0"
0,"0","0","0","0","0","0","0","0","0","0","0","0","0","0","0","0","0","0","0","0","0","0","0","0","0","0"
0,"0","0","0","0","0","0","0","0","0","0","0","0","0","0","0","0","0","0","0","0","0","0","0","0","0","0"
0,"0","0","0","0","1","1","1","0","0","0","0","0","0","0","0","0","0","0","0","0","0","0","0","0","0","0"
0,"0","0","0","0","0","0","0","0","0","0","0","0","0","0","0","0","0","0","0","0","0","0","0","0","0","0"
0,"0","0","0","0","1","1","1","0","0","0","0","0","0","0","0","0","0","0","0","0","0","0","0","0","0","0"
0,"0","0","0","0","0","0","0","0","0","0","0","0","0","0","0","0","0","0","0","0","0","0","0","0","0","0"
0,"0","0","0","0","0","0","0","0","0","0","0","0","0","0","0","0","0","0","0","0","0","0","0","0","0","0"
0,"0","0","0","0","0","0","0","0","0","0","0","0","0","0","0","0","0","0","0","0","0","0","0","0","0","0"
0,"0","0","0","0","0","0","0","0","0","0","0","0","0","0","0","0","0","0","0","0","0","0","0","0","0","0"
0,"0","0","0","0","0","0","0","0","0","0","0","0","0","0","0","0","0","0","0","0","0","0","0","0","0","0"
0,"0","0","0","0","0","0","0","0","0","0","0","0","0","0","0","0","0","0","0","0","0","0","0","0","0","0"
0,"1","1","1","0","1","1","1","0","0","0","0","0","0","0","0","0","0","0","0","0","0","0","0","0","0","0"
0,"0","0","0","0","0","0","0","0","0","0","0","0","0","0","0","0","0","0","0","0","0","0","0","0","0","0"
0,"0","0","0","0","1","1","1","0","0","0","0","0","0","0","0","0","0","0","0","0","0","0","0","0","0","0"
0,"0","0","0","0","1","1","1","0","0","0","0","0","0","0","0","0","0","0","0","0","0","0","0","0","0","0"
0,"0","0","0","0","1","1","1","0","0","0","0","0","0","0","0","0","0","0","0","0","0","0","0","0","0","0"
0,"1","1","1","1","1","1","1","1","1","1","0","0","0","0","0","0","0","0","0","1","0","0","0","0","0","0"
0,"1","1","1","1","0","0","0","1","1","1","0","0","0","0","0","0","0","0","0","1","0","0","0","0","0","0"
0,"1","1","1","1","0","0","0","1","1","1","0","0","0","0","0","0","0","0","0","1","0","0","0","0","0","0"
0,"1","1","1","1","0","0","0","1","1","1","0","0","0","0","0","0","0","0","0","1","0","0","0","0","0","0"
0,"1","1","1","1","1","1","1","0","0","0","0","0","0","0","0","0","0","0","0","1","0","0","0","0","0","0"
0,"1","1","1","1","1","1","1","0","0","0","0","0","0","0","0","0","0","0","0","1","0","0","0","0","0","0"
0,"1","1","1","1","1","1","1","0","0","0","0","0","0","0","0","0","0","0","0","1","0","0","0","0","0","0"
0,"1","1","1","1","1","1","1","1","1","1","0","0","0","0","0","0","0","0","0","1","0","0","0","0","0","0"
0,"1","1","1","1","0","0","0","1","1","1","0","0","0","0","0","0","0","0","0","1","0","0","0","0","0","0"
0,"1","1","1","1","0","0","0","1","1","1","0","0","0","0","0","0","0","0","0","1","0","0","0","0","0","0"
0,"1","1","1","1","0","0","0","1","1","1","0","0","0","0","0","0","0","0","0","1","0","0","0","0","0","0"
0,"1","1","1","1","1","1","1","0","0","0","0","0","0","0","0","0","0","0","0","1","0","0","0","0","0","0"
0,"1","1","1","1","0","0","0","1","1","1","0","0","0","0","0","0","0","0","0","1","0","0","0","0","0","0"
0,"1","1","1","1","0","0","0","1","1","1","0","0","0","0","0","0","0","0","0","1","0","0","0","0","0","0"
1,"1","1","1","1","1","1","1","0","0","0","0","0","0","0","0","0","0","0","1","1","1","0","0","0","0","0"
1,"1","1","1","1","1","1","1","0","0","0","0","0","0","0","0","0","0","0","0","1","1","0","0","0","0","0"
1,"1","1","1","1","1","1","1","0","0","0","0","0","0","0","0","0","0","0","0","1","1","0","0","0","0","0"
1,"1","1","1","1","1","1","1","0","0","0","0","0","0","0","0","0","0","0","1","0","1","0","0","0","0","0"
1,"1","1","1","1","1","1","1","0","0","0","0","0","0","0","0","0","0","0","0","1","1","0","0","0","0","0"
1,"1","1","1","1","1","1","1","0","0","0","0","0","0","0","0","0","0","0","0","1","1","0","0","0","0","0"
1,"1","1","1","1","1","1","1","0","0","0","0","0","0","0","0","0","0","0","1","1","1","0","0","0","0","0"
1,"1","1","1","1","1","1","1","0","0","0","0","0","0","0","0","0","0","0","0","1","1","0","0","0","0","0"
1,"1","1","1","1","1","1","1","0","0","0","0","0","0","0","0","0","0","0","1","1","1","0","0","0","0","0"
1,"1","1","1","1","1","1","1","0","0","0","0","0","0","0","0","0","0","0","0","0","1","0","0","0","0","0"
1,"1","1","1","1","1","1","1","0","0","0","0","0","0","0","0","0","0","0","1","1","1","0","0","0","0","0"
1,"1","1","1","1","1","1","1","0","0","0","0","0","0","0","0","0","0","0","1","0","1","0","0","0","0","0"
1,"1","1","1","1","1","1","1","0","0","0","0","0","0","0","0","0","0","0","0","1","1","0","0","0","0","0"
1,"1","1","1","1","1","1","1","0","0","0","0","0","0","0","0","0","0","0","1","1","1","0","0","0","0","0"
1,"1","1","1","1","1","1","1","0","0","0","0","0","0","0","0","0","0","0","0","1","1","0","0","0","0","0"
1,"1","1","1","1","1","1","1","0","0","0","0","0","0","0","0","0","0","0","0","1","1","0","0","0","0","0"
1,"1","1","1","1","1","1","1","0","0","0","0","0","0","0","0","0","0","0","1","1","1","0","0","0","0","0"
1,"1","1","1","1","1","1","1","0","0","0","0","0","0","0","0","0","0","0","1","0","1","0","0","0","0","0"
1,"1","1","1","1","1","1","1","0","0","0","0","0","0","0","0","0","0","0","1","1","1","0","0","0","0","0"
1,"1","1","1","1","1","1","1","0","0","0","0","0","0","0","0","0","0","0","0","1","1","0","0","0","0","0"
1,"1","1","1","1","1","1","1","0","0","0","0","0","0","0","0","0","0","0","1","0","1","0","0","0","0","0"
1,"1","1","1","1","1","1","1","0","0","0","0","0","0","0","0","0","0","0","1","1","1","0","0","0","0","0"
1,"1","1","1","1","1","1","1","0","0","0","0","0","0","0","0","0","0","0","1","1","1","0","0","0","0","0"
1,"1","1","1","1","1","1","1","0","0","0","0","0","0","0","0","0","0","0","0","1","1","0","0","0","0","0"
1,"1","1","1","1","1","1","1","0","0","0","0","0","0","0","0","0","0","0","1","0","1","0","0","0","0","0"
1,"1","1","1","1","1","1","1","0","0","0","0","0","0","0","0","0","0","0","1","0","1","0","0","0","0","0"
1,"1","1","1","1","1","1","1","0","0","0","0","0","0","0","0","0","0","0","0","0","1","0","0","0","0","0"
1,"1","1","1","1","1","1","1","0","0","0","0","0","0","0","0","0","0","0","1","0","1","0","0","0","0","0"
1,"1","1","1","1","1","1","1","0","0","0","0","0","0","0","0","0","0","0","0","1","1","0","0","0","0","0"
1,"1","1","1","1","1","1","1","0","0","0","0","0","0","0","0","0","0","0","0","0","1","0","0","0","0","0"
1,"1","1","1","1","1","1","1","0","0","0","0","0","0","0","0","0","0","0","1","1","1","0","0","0","0","0"
1,"1","1","1","1","1","1","1","0","0","0","0","0","0","0","0","0","0","0","0","1","1","0","0","0","0","0"
1,"1","1","1","1","1","1","1","0","0","0","0","0","0","0","0","0","0","0","1","0","1","0","0","0","0","0"
1,"1","1","1","1","1","1","1","0","0","0","0","0","0","0","0","0","0","0","0","1","1","0","0","0","0","0"
1,"1","1","1","1","1","1","1","0","0","0","0","0","0","0","0","0","0","0","1","0","1","0","0","0","0","0"
1,"1","1","1","1","1","1","1","0","0","0","0","0","0","0","0","0","0","0","1","0","1","0","0","0","0","0"
1,"1","1","1","1","1","1","1","0","0","0","0","0","0","0","0","0","0","0","1","0","1","0","0","0","0","0"
1,"1","1","1","1","1","1","1","0","0","0","0","0","0","0","0","0","0","0","1","0","1","0","0","0","0","0"
1,"1","1","1","1","1","1","1","0","0","0","0","0","0","0","0","0","0","0","1","0","1","0","0","0","0","0"
1,"1","1","1","1","1","1","1","0","0","0","0","0","0","0","0","0","0","0","1","0","1","0","0","0","0","0"
1,"1","1","1","1","1","1","1","0","0","0","0","0","0","0","0","0","0","0","1","1","1","0","0","0","0","0"
1,"1","1","1","1","1","1","1","0","0","0","0","0","0","0","0","0","0","0","1","0","1","0","0","0","0","0"
1,"1","1","1","1","1","1","1","0","0","0","0","0","0","0","0","0","0","0","1","0","1","0","0","0","0","0"
1,"1","1","1","1","1","1","1","0","0","0","0","0","0","0","0","0","0","0","0","0","1","0","0","0","0","0"
1,"1","1","1","1","1","1","1","0","0","0","0","0","0","0","0","0","0","0","1","0","1","0","0","0","0","0"
1,"1","1","1","1","1","1","1","0","0","0","0","0","0","0","0","0","0","0","0","1","1","0","0","0","0","0"
1,"1","1","1","1","1","1","1","0","0","0","0","0","0","0","0","0","0","0","0","1","1","0","0","0","0","0"
1,"1","1","1","1","1","1","1","0","0","0","0","0","0","0","0","0","0","0","0","0","1","0","0","0","0","0"
1,"1","1","1","1","1","1","1","0","0","0","0","0","0","0","0","0","0","0","1","1","1","0","0","0","0","0"
1,"1","1","1","1","1","1","1","0","0","0","0","0","0","0","0","0","0","0","0","1","1","0","0","0","0","0"
1,"1","1","1","1","1","1","1","0","0","0","0","0","0","0","0","0","0","0","1","0","1","0","0","0","0","0"
1,"1","1","1","1","1","1","1","0","0","0","0","0","0","0","0","0","0","0","1","0","1","0","0","0","0","0"
1,"1","1","1","1","1","1","1","0","0","0","0","0","0","0","0","0","0","0","0","1","1","0","0","0","0","0"
1,"1","1","1","1","1","1","1","0","0","0","0","0","0","0","0","0","0","0","1","0","1","0","0","0","0","0"
1,"1","1","1","1","1","1","1","0","0","0","0","0","0","0","0","0","0","0","0","0","1","0","0","0","0","0"
1,"1","1","1","1","1","1","1","0","0","0","0","0","0","0","0","0","0","0","1","0","1","0","0","0","0","0"
1,"1","1","1","1","1","1","1","0","0","0","0","0","0","0","0","0","0","0","0","1","1","0","0","0","0","0"
1,"1","1","1","1","1","1","1","0","0","0","0","0","0","0","0","0","0","0","1","0","1","0","0","0","0","0"
1,"1","1","1","1","1","1","1","0","0","0","0","0","0","0","0","0","0","0","1","1","1","0","0","0","0","0"
1,"1","1","1","1","1","1","1","0","0","0","0","0","0","0","0","0","0","0","1","1","1","0","0","0","0","0"
1,"1","1","1","1","1","1","1","0","0","0","0","0","0","0","0","0","0","0","1","1","1","0","0","0","0","0"
1,"1","1","1","1","1","1","1","0","0","0","0","0","0","0","0","0","0","0","1","1","1","0","0","0","0","0"
1,"1","1","1","1","1","1","1","0","0","0","0","0","0","0","0","0","0","0","0","1","1","0","0","0","0","0"
1,"1","1","1","1","1","1","1","0","0","0","0","0","0","0","0","0","0","0","0","1","1","0","0","0","0","0"
1,"1","1","1","1","1","1","1","0","0","0","0","0","0","0","0","0","0","0","1","1","1","0","0","0","0","0"
1,"1","1","1","1","1","1","1","0","0","0","0","0","0","0","0","0","0","0","1","1","1","0","0","0","0","0"
1,"1","1","1","1","1","1","1","0","0","0","0","0","0","0","0","0","0","0","0","1","1","0","0","0","0","0"
1,"1","1","1","1","1","1","1","0","0","0","0","0","0","0","0","0","0","0","0","1","1","0","0","0","0","0"
1,"1","1","1","1","1","1","1","0","0","0","0","0","0","0","0","0","0","0","0","1","1","0","0","0","0","0"
1,"1","1","1","1","1","1","1","0","0","0","0","0","0","0","0","0","0","0","0","1","1","0","0","0","0","0"
1,"1","1","1","1","1","1","1","0","0","0","0","0","0","0","0","0","0","0","0","1","1","0","0","0","0","0"
1,"1","1","1","1","1","1","1","0","0","0","0","0","0","0","0","0","0","0","0","1","1","0","0","0","0","0"
1,"1","1","1","1","1","1","1","0","0","0","0","0","0","0","0","0","0","0","0","1","1","0","0","0","0","0"
1,"1","1","1","1","1","1","1","0","0","0","0","0","0","0","0","0","0","0","1","0","1","0","0","0","0","0"
1,"1","1","1","1","1","1","1","0","0","0","0","0","0","0","0","0","0","0","1","1","1","0","0","0","0","0"
1,"1","1","1","1","1","1","1","0","0","0","0","0","0","0","0","0","0","0","0","1","1","0","0","0","0","0"
1,"1","1","1","1","1","1","1","0","0","0","0","0","0","0","0","0","0","0","1","1","1","0","0","0","0","0"
1,"1","1","1","1","1","1","1","0","0","0","0","0","0","0","0","0","0","0","1","1","1","0","0","0","0","0"
1,"1","1","1","1","1","1","1","0","0","0","0","0","0","0","0","0","0","0","1","1","1","0","0","0","0","0"
1,"1","1","1","1","1","1","1","0","0","0","0","0","0","0","0","0","0","0","1","0","1","0","0","0","0","0"
1,"1","1","1","1","1","1","1","0","0","0","0","0","0","0","0","0","0","0","0","1","1","0","0","0","0","0"
1,"1","1","1","1","1","1","1","0","0","0","0","0","0","0","0","0","0","0","1","1","1","0","0","0","0","0"
1,"1","1","1","1","1","1","1","0","0","0","0","0","0","0","0","0","0","0","0","1","1","0","0","0","0","0"
1,"1","1","1","1","1","1","1","0","0","0","0","0","0","0","0","0","0","0","0","1","1","0","0","0","0","0"
1,"1","1","1","1","1","1","1","0","0","0","0","0","0","0","0","0","0","0","1","1","1","0","0","0","0","0"
0,"1","1","1","1","1","1","1","0","0","0","0","0","0","0","0","0","0","0","0","1","0","0","0","0","0","0"
1,"1","1","1","1","1","1","1","0","0","0","0","0","0","0","0","0","0","0","1","1","1","0","0","0","0","0"
1,"1","1","1","1","1","1","1","0","0","0","0","0","0","0","0","0","0","0","0","1","1","0","0","0","0","0"
1,"1","1","1","1","1","1","1","0","0","0","0","0","0","0","0","0","0","0","1","0","1","0","0","0","0","0"
1,"1","1","1","1","1","1","1","0","0","0","0","0","0","0","0","0","0","0","0","1","1","0","0","0","0","0"
1,"1","1","1","1","1","1","1","0","0","0","0","0","0","0","0","0","0","0","0","1","1","0","0","0","0","0"
1,"1","1","1","1","1","1","1","0","0","0","0","0","0","0","0","0","0","0","0","1","1","0","0","0","0","0"
1,"1","1","1","1","1","1","1","0","0","0","0","0","0","0","0","0","0","0","0","1","1","0","0","0","0","0"
1,"1","1","1","1","1","1","1","0","0","0","0","0","0","0","0","0","0","0","1","1","1","0","0","0","0","0"
1,"1","1","1","1","1","1","1","0","0","0","0","0","0","0","0","0","0","0","1","1","1","0","0","0","0","0"
1,"1","1","1","1","1","1","1","0","0","0","0","0","0","0","0","0","0","0","0","1","1","0","0","0","0","0"
1,"1","1","1","1","1","1","1","0","0","0","0","0","0","0","0","0","0","0","1","1","1","0","0","0","0","0"
1,"1","1","1","1","1","1","1","0","0","0","0","0","0","0","0","0","0","0","1","0","1","0","0","0","0","0"
1,"1","1","1","1","1","1","1","0","0","0","0","0","0","0","0","0","0","0","0","1","1","0","0","0","0","0"
1,"1","1","1","1","1","1","1","0","0","0","0","0","0","0","0","0","0","0","0","1","1","0","0","0","0","0"
1,"1","1","1","1","1","1","1","0","0","0","0","0","0","0","0","0","0","0","1","1","1","0","0","0","0","0"
1,"1","1","1","1","1","1","1","0","0","0","0","0","0","0","0","0","0","0","0","0","1","0","0","0","0","0"
1,"1","1","1","1","1","1","1","0","0","0","0","0","0","0","0","0","0","0","1","0","1","0","0","0","0","0"
1,"1","1","1","1","1","1","1","0","0","0","0","0","0","0","0","0","0","0","1","0","1","0","0","0","0","0"
1,"1","1","1","1","1","1","1","0","0","0","0","0","0","0","0","0","0","0","1","1","1","0","0","0","0","0"
1,"1","1","1","1","1","1","1","0","0","0","0","0","0","0","0","0","0","0","1","1","1","0","0","0","0","0"
1,"1","1","1","1","1","1","1","0","0","0","0","0","0","0","0","0","0","0","1","0","1","0","0","0","0","0"
1,"1","1","1","1","1","1","1","0","0","0","0","0","0","0","0","0","0","0","0","1","1","0","0","0","0","0"
1,"1","1","1","1","1","1","1","0","0","0","0","0","0","0","0","0","0","0","0","1","1","0","0","0","0","0"
1,"1","1","1","1","1","1","1","0","0","0","0","0","0","0","0","0","0","0","0","0","1","0","0","0","0","0"
1,"1","1","1","1","1","1","1","0","0","0","0","0","0","0","0","0","0","0","1","0","1","0","0","0","0","0"
1,"1","1","1","1","1","1","1","0","0","0","0","0","0","0","0","0","0","0","0","1","1","0","0","0","0","0"
1,"1","1","1","1","1","1","1","0","0","0","0","0","0","0","0","0","0","0","1","1","1","0","0","0","0","0"
1,"1","1","1","1","1","1","1","0","0","0","0","0","0","0","0","0","0","0","0","1","1","0","0","0","0","0"
1,"1","1","1","1","1","1","1","0","0","0","0","0","0","0","0","0","0","0","1","1","1","0","0","0","0","0"
0,"0","0","0","1","0","0","0","0","0","0","0","0","0","0","0","0","0","0","0","0","0","0","0","0","0","0"
0,"0","0","0","1","0","0","0","0","0","0","0","0","0","0","0","0","0","0","0","0","0","0","0","0","0","0"
0,"0","0","0","1","0","0","0","0","0","0","0","0","0","0","0","0","0","0","0","0","0","0","0","0","0","0"
1,"1","1","1","1","1","1","1","0","0","0","0","0","0","0","0","0","0","0","0","1","1","0","0","0","0","0"
0,"1","1","1","1","1","1","1","0","0","0","0","0","0","0","0","0","0","0","0","1","0","0","0","0","0","0"
0,"1","1","1","1","1","1","1","0","0","0","0","0","0","0","0","0","0","0","0","1","0","0","0","0","0","0"
0,"1","1","1","1","1","1","1","0","0","0","0","0","0","0","0","0","0","0","0","1","0","0","0","0","0","0"
0,"1","1","1","1","1","1","1","0","0","0","0","0","0","0","0","0","0","0","0","1","0","0","0","0","0","0"
0,"1","1","1","1","1","1","1","0","0","0","0","0","0","0","0","0","0","0","0","1","0","0","0","0","0","0"
0,"0","0","0","0","1","1","1","0","0","0","0","0","0","0","0","0","0","0","0","0","0","0","0","0","0","0"
0,"0","0","0","0","0","0","0","0","0","0","0","0","0","0","0","0","0","0","0","0","0","0","0","0","0","0"
0,"0","0","0","0","1","1","1","0","0","0","0","0","0","0","0","0","0","0","0","0","0","0","0","0","0","0"
0,"0","0","0","0","1","1","1","0","0","0","0","0","0","0","0","0","0","0","0","0","0","0","0","0","0","0"
0,"0","0","0","0","1","1","1","0","0","0","0","0","0","0","0","0","0","0","0","0","0","0","0","0","0","0"
0,"0","0","0","0","1","1","1","0","0","0","0","0","0","0","0","0","0","0","0","0","0","0","0","0","0","0"
0,"0","0","0","0","1","1","1","0","0","0","0","0","0","0","0","0","0","0","0","0","0","0","0","0","0","0"
0,"0","0","0","0","1","1","1","0","0","0","0","0","0","0","0","0","0","0","0","0","0","0","0","0","0","0"
0,"0","0","0","0","1","1","1","0","0","0","0","0","0","0","0","0","0","0","0","0","0","0","0","0","0","0"
0,"0","0","0","0","1","1","1","0","0","0","0","0","0","0","0","0","0","0","0","0","0","0","0","0","0","0"
0,"0","0","0","0","1","1","1","0","0","0","0","0","0","0","0","0","0","0","0","0","0","0","0","0","0","0"
0,"0","0","0","0","1","1","1","0","0","0","0","0","0","0","0","0","0","0","0","0","0","0","0","0","0","0"
0,"0","0","0","0","1","1","1","0","0","0","0","0","0","0","0","0","0","0","0","0","0","0","0","0","0","0"
0,"0","0","0","0","1","1","1","0","0","0","0","0","0","0","0","0","0","0","0","0","0","0","0","0","0","0"
0,"0","0","0","0","1","1","1","0","0","0","0","0","0","0","0","0","0","0","0","0","0","0","0","0","0","0"
0,"0","0","0","0","1","1","1","0","0","0","0","0","0","0","0","0","0","0","0","0","0","0","0","0","0","0"
0,"0","0","0","0","1","1","1","0","0","0","0","0","0","0","0","0","0","0","0","0","0","0","0","0","0","0"
0,"0","0","0","0","1","1","1","0","0","0","0","0","0","0","0","0","0","0","0","0","0","0","0","0","0","0"
0,"0","0","0","0","1","1","1","0","0","0","0","0","0","0","0","0","0","0","0","0","0","0","0","0","0","0"
0,"0","0","0","0","1","1","1","0","0","0","0","0","0","0","0","0","0","0","0","0","0","0","0","0","0","0"
0,"0","0","0","0","1","1","1","0","0","0","0","0","0","0","0","0","0","0","0","0","0","0","0","0","0","0"
0,"0","0","0","0","1","1","1","0","0","0","0","0","0","0","0","0","0","0","0","0","0","0","0","0","0","0"
0,"0","0","0","0","1","1","1","0","0","0","0","0","0","0","0","0","0","0","0","0","0","0","0","0","0","0"
0,"1","1","1","1","1","1","1","0","0","0","0","0","0","0","0","0","0","0","0","1","0","0","0","0","0","0"
0,"1","1","1","1","1","1","1","0","0","0","0","0","0","0","0","0","0","0","0","1","0","0","0","0","0","0"
0,"0","0","0","0","0","0","0","0","0","0","0","0","0","0","0","0","0","0","0","0","0","0","0","0","0","0"
0,"1","1","0","0","0","0","0","0","0","0","0","0","0","0","0","0","0","0","0","0","0","0","0","0","0","0"
0,"0","1","1","0","0","0","0","0","0","0","0","0","0","0","0","0","0","0","0","1","0","0","0","0","0","0"
