"id","Y","AraA","AraB","AraD","AraE","AraQ","AraF","AraG","AraH","AraU","FruE","FruF","FruG","FruK","AbfC","Abf43A","Abf43B","Abf43C","Abn43A","Abn43B","Abf146","CaeA","AauA","AauB","AauC","AauR","Abf51A","AauN","AauP","AauQ","AbfR","Abf51B","Abf51C","BlArafA","BlArafB","BlArafC","BlArafD","BlArafE","BlArafX","HypBA1","HypBA2","HypAA","BauA","BauB","BauC","BauR1","Bll3HypBA1","Bll4HypBA1","Abf127C","BauT","BauR2","Bau39","Abf127B","Abp36B","BauE","BauF","BauG","BauR3","Abp27","Abf127D","Abp36A","Abf43D","Abf51D","AbpR"
"1680.104","0","1","1","1","0","1","0","0","0","0","0","0","0","0","0","1","1","1","0","0","0","0","1","1","1","1","0","0","0","0","0","0","0","0","0","0","0","0","0","0","0","0","0","0","0","0","0","0","0","0","0","0","0","0","0","0","0","0","0","1","1","1","1","1"
"1680.7","0","1","1","1","0","1","0","0","0","0","0","0","0","0","0","1","1","1","0","0","0","0","1","1","1","1","0","0","0","0","0","0","0","0","0","0","0","0","0","0","0","0","0","0","0","0","0","0","0","0","0","0","1","1","1","1","1","1","0","1","1","1","1","1"
"1680.34","0","1","1","1","0","1","0","0","0","0","0","0","0","0","0","1","1","1","0","0","0","0","1","1","1","1","0","0","0","0","0","0","0","0","0","0","0","0","0","0","0","0","0","0","0","0","0","0","0","0","0","0","0","0","0","0","0","0","0","1","1","1","1","1"
"1680.4","0","1","1","1","0","1","0","0","0","0","0","0","0","0","0","1","1","1","0","0","0","0","1","1","1","1","0","0","0","0","0","0","0","0","0","0","0","0","0","0","0","0","0","0","0","0","0","0","0","0","0","0","1","1","1","1","1","1","0","1","1","1","1","1"
"1680.39","0","1","1","1","0","1","0","0","0","0","0","0","0","0","0","1","1","1","0","0","0","0","1","1","1","1","0","0","0","0","0","0","0","0","0","0","0","0","0","0","0","0","0","0","0","0","0","0","0","0","0","0","1","1","1","1","1","1","0","1","1","1","1","1"
"1680.142","0","1","1","1","0","1","0","0","0","0","0","0","0","0","0","1","1","1","0","0","0","0","1","1","1","1","0","0","0","0","0","0","0","0","0","0","0","0","0","0","0","0","0","0","0","0","0","0","0","0","0","0","0","0","0","0","0","0","0","1","1","1","1","1"
"1680.36","0","1","1","1","0","1","0","0","0","0","0","0","0","0","0","1","1","1","0","0","0","0","1","1","1","1","0","0","0","0","0","0","0","0","0","0","0","0","0","0","0","0","0","0","0","0","0","0","0","0","0","1","1","1","1","1","1","1","0","1","1","1","1","1"
"1680.151","0","1","1","1","0","1","0","0","0","0","0","0","0","0","0","1","1","1","0","0","0","0","1","1","1","1","0","0","0","0","0","0","0","0","0","0","0","0","0","1","1","1","1","1","1","1","0","0","0","0","0","0","0","0","0","0","0","0","0","1","1","1","1","1"
"1680.37","1","1","1","1","0","1","0","0","0","0","1","1","1","1","0","1","1","1","0","0","0","0","1","1","1","1","0","0","0","0","0","0","0","0","0","0","0","0","0","0","0","0","0","0","0","0","0","0","0","0","0","0","0","0","0","0","0","0","1","1","1","1","1","1"
"1680.43","0","1","1","1","0","1","0","0","0","0","0","0","0","0","0","1","1","1","0","0","0","0","1","1","1","1","0","0","0","0","0","0","0","0","0","0","0","0","0","0","0","0","0","0","0","0","0","0","0","0","0","0","0","0","0","0","0","0","0","1","1","1","1","1"
"1680.160","0","1","1","1","0","1","0","0","0","0","0","0","0","0","0","1","1","1","0","0","0","0","1","1","1","1","0","0","0","0","0","0","0","0","0","0","0","0","0","1","1","1","1","1","1","1","0","0","0","0","0","0","0","0","0","0","0","0","0","1","1","1","1","1"
"1680.157","0","1","1","1","0","1","0","0","0","0","0","0","0","0","0","1","1","1","0","0","0","0","1","1","1","1","0","0","0","0","0","0","0","0","0","0","0","0","0","1","1","1","1","1","1","1","0","0","0","0","0","0","0","0","0","0","0","0","0","1","1","1","1","1"
"367928.6","0","1","1","1","0","1","0","0","0","0","0","0","0","0","1","1","1","0","0","0","0","0","1","1","1","1","0","0","0","0","0","0","0","0","0","0","0","0","0","0","0","0","0","0","0","0","0","0","0","0","0","0","0","0","0","0","0","0","1","1","0","1","1","1"
"1680.5","0","1","1","1","0","1","0","0","0","0","0","0","0","0","0","1","1","1","0","0","0","0","1","1","1","1","0","0","0","0","0","0","0","0","0","0","0","0","0","1","1","0","1","1","1","1","0","0","0","0","0","0","0","0","0","0","0","0","0","1","1","1","1","1"
"1680.1827","0","1","1","1","0","1","0","0","0","0","0","0","0","0","0","1","1","1","0","0","0","0","1","1","1","1","0","0","0","0","0","0","0","0","0","0","0","0","0","0","0","0","0","0","0","0","0","0","0","0","0","0","0","0","0","0","0","0","0","1","1","1","1","1"
"1437612.3","0","1","1","1","0","1","0","0","0","0","0","0","0","0","0","1","1","1","0","0","0","0","1","1","1","1","0","0","0","0","0","0","0","0","0","0","0","0","0","0","0","0","0","0","0","0","0","0","0","0","0","0","0","0","0","0","0","0","0","1","1","1","1","1"
"1680.1826","0","1","1","1","0","1","0","0","0","0","0","0","0","0","0","1","1","1","0","0","0","0","1","1","1","1","0","0","0","0","0","0","0","0","0","0","0","0","0","0","0","0","0","0","0","0","0","0","0","0","0","0","0","0","0","0","0","0","0","1","1","1","1","1"
"411481.5","0","1","1","1","0","1","0","0","0","0","0","0","0","0","0","1","1","1","0","0","0","0","1","1","1","1","0","0","0","0","0","0","0","0","0","0","0","0","0","0","0","0","0","0","0","0","0","0","0","0","0","1","1","1","1","1","1","1","0","1","1","1","1","1"
"1680.178","0","1","1","1","0","1","0","0","0","0","0","0","0","0","0","1","1","1","0","0","0","0","1","1","1","1","0","0","0","0","0","0","0","0","0","0","0","0","0","0","0","0","0","0","0","0","0","0","0","0","0","0","0","0","0","0","0","0","0","1","1","1","1","1"
"6666666.201645","0","1","1","1","0","1","0","0","0","0","0","0","0","0","0","1","1","1","0","0","0","0","1","1","1","1","0","0","0","0","0","0","0","0","0","0","0","0","0","1","1","1","1","1","1","1","0","0","0","0","0","0","0","0","0","0","0","0","0","1","1","1","1","1"
"1680.143","0","1","1","1","0","1","0","0","0","0","0","0","0","0","0","1","1","1","0","0","0","0","1","1","1","1","0","0","0","0","0","0","0","0","0","0","0","0","0","1","1","1","1","1","1","1","0","0","0","0","0","0","0","0","0","0","0","0","0","1","1","1","1","1"
"1680.1909","0","1","1","1","0","1","0","0","0","0","0","0","0","0","0","1","1","1","0","0","0","0","1","1","1","1","0","0","0","0","0","0","0","0","0","0","0","0","0","1","1","1","1","1","1","1","0","0","0","0","0","0","0","0","0","0","0","0","0","1","1","1","1","1"
"518635.5","1","1","1","1","1","1","0","0","0","0","0","0","0","0","0","1","1","0","0","0","0","0","1","1","1","1","0","0","0","0","0","0","0","0","0","0","0","0","0","0","0","0","0","0","0","0","0","0","0","0","0","0","0","0","0","0","0","0","0","0","0","0","1","0"
"1683.4","1","1","1","1","1","1","0","0","0","0","0","0","0","0","0","1","1","0","0","0","0","0","1","1","1","1","0","0","0","0","0","0","0","0","0","0","0","0","0","0","0","0","0","0","0","0","0","0","0","0","0","0","0","0","0","0","0","0","0","0","0","0","1","0"
"1167629.6","0","1","1","1","0","1","0","0","0","0","0","0","0","0","0","0","0","0","0","0","0","0","0","0","0","0","1","0","0","0","1","0","0","0","0","0","0","0","0","0","0","0","0","0","0","0","0","0","1","1","1","0","0","0","0","0","0","0","0","0","1","0","0","0"
"552531.3","0","1","1","1","0","1","0","0","0","0","0","0","0","0","0","0","0","0","0","0","0","0","0","0","0","0","1","0","0","0","1","0","0","0","0","0","0","0","0","0","0","0","0","0","0","0","0","0","1","1","1","0","0","0","0","0","0","0","0","0","1","0","0","0"
"1042403.4","0","1","1","1","0","1","0","0","0","0","0","0","0","0","0","0","0","0","0","0","0","0","0","0","0","0","1","0","0","0","1","0","0","0","0","0","0","0","0","0","0","0","0","0","0","0","0","0","1","1","1","0","0","0","0","0","0","0","0","0","1","0","0","0"
"555970.3","0","1","1","1","0","1","0","0","0","0","0","0","0","0","0","0","0","0","0","0","0","0","0","0","0","0","1","0","0","0","1","0","0","0","0","0","0","0","0","0","0","0","0","0","0","0","0","0","1","1","1","0","0","0","0","0","0","0","0","0","1","0","0","0"
"1681.51","0","0","0","1","0","1","0","0","0","0","0","0","0","0","0","0","0","0","0","0","0","0","0","0","0","0","0","0","0","0","0","0","0","0","0","0","0","0","0","0","0","0","0","0","0","0","0","0","0","0","0","0","0","0","0","0","0","0","0","0","0","0","0","0"
"1681.46","0","0","0","0","0","1","0","0","0","0","0","0","0","0","0","0","0","0","0","0","0","0","0","0","0","0","0","0","0","0","0","0","0","0","0","0","0","0","0","0","0","0","0","0","0","0","0","0","0","0","0","0","0","0","0","0","0","0","0","0","0","0","0","0"
"1681.129","0","0","0","1","0","1","0","0","0","0","0","0","0","0","0","0","0","0","0","0","0","0","0","0","0","0","0","0","0","0","0","0","0","0","0","0","0","0","0","0","0","0","0","0","0","0","0","0","0","0","0","0","0","0","0","0","0","0","0","0","0","0","0","0"
"500634.6","0","0","0","1","0","1","0","0","0","0","0","0","0","0","0","0","0","0","0","0","0","0","0","0","0","0","0","0","0","0","0","0","0","0","0","0","0","0","0","0","0","0","0","0","0","0","0","0","0","0","0","0","0","0","0","0","0","0","0","0","0","0","0","0"
"1681.42","0","0","0","1","0","1","0","0","0","0","0","0","0","0","0","0","0","0","0","0","0","0","0","0","0","0","0","0","0","0","0","0","0","0","0","0","0","0","0","0","0","0","0","0","0","0","0","0","0","0","0","0","0","0","0","0","0","0","0","0","0","0","0","0"
"1681.1372","0","0","0","1","0","1","0","0","0","0","0","0","0","0","0","0","0","0","0","0","0","0","0","0","0","0","0","0","0","0","0","0","0","0","0","0","0","0","0","0","0","0","0","0","0","0","0","0","0","0","0","0","0","0","0","0","0","0","0","0","0","0","0","0"
"484020.3","0","0","0","1","0","1","0","0","0","0","0","0","0","0","0","0","0","0","0","0","0","0","0","0","0","0","0","0","0","0","0","0","0","0","0","0","0","0","0","0","0","0","0","0","0","0","0","0","0","0","0","0","0","0","0","0","0","0","0","0","0","0","0","0"
"1681.806","0","0","0","1","0","1","0","0","0","0","0","0","0","0","0","0","0","0","0","0","0","0","0","0","0","0","0","0","0","0","0","0","0","0","0","0","0","0","0","0","0","0","0","0","0","0","0","0","0","0","0","0","0","0","0","0","0","0","0","0","0","0","0","0"
"1681.763","0","0","0","1","0","1","0","0","0","0","0","0","0","0","0","0","0","0","0","0","0","0","0","0","0","0","0","0","0","0","0","0","0","0","0","0","0","0","0","0","0","0","0","0","0","0","0","0","0","0","0","0","0","0","0","0","0","0","0","0","0","0","0","0"
"1681.762","0","0","0","1","0","1","0","0","0","0","0","0","0","0","0","0","0","0","0","0","0","0","0","0","0","0","0","0","0","0","0","0","0","0","0","0","0","0","0","0","0","0","0","0","0","0","0","0","0","0","0","0","0","0","0","0","0","0","0","0","0","0","0","0"
"1681.44","0","0","0","1","0","1","0","0","0","0","0","0","0","0","0","0","0","0","0","0","0","0","0","0","0","0","0","0","0","0","0","0","0","0","0","0","0","0","0","0","0","0","0","0","0","0","0","0","0","0","0","0","0","0","0","0","0","0","0","0","0","0","0","0"
"1681.47","0","0","0","1","0","1","0","0","0","0","0","0","0","0","0","0","0","0","0","0","0","0","0","0","0","0","0","0","0","0","0","0","0","0","0","0","0","0","0","0","0","0","0","0","0","0","0","0","0","0","0","0","0","0","0","0","0","0","0","0","0","0","0","0"
"1207542.9","0","0","0","1","0","1","0","0","0","0","0","0","0","0","0","0","0","0","0","0","0","0","0","0","0","0","0","0","0","0","0","0","0","0","0","0","0","0","0","0","0","0","0","0","0","0","0","0","0","0","0","0","0","0","0","0","0","0","0","0","0","0","0","0"
"1681.48","0","0","0","1","0","1","0","0","0","0","0","0","0","0","0","0","0","0","0","0","0","0","0","0","0","0","0","0","0","0","0","0","0","0","0","0","0","0","0","0","0","0","0","0","0","0","0","0","0","0","0","0","0","0","0","0","0","0","0","0","0","0","0","0"
"1681.53","0","0","0","0","0","1","0","0","0","0","0","0","0","0","0","0","0","0","0","0","0","0","0","0","0","0","0","0","0","0","0","0","0","0","0","0","0","0","0","0","0","0","0","0","0","0","0","0","0","0","0","0","0","0","0","0","0","0","0","0","0","0","0","0"
"398513.5","0","0","0","1","0","1","0","0","0","0","0","0","0","0","0","0","0","0","0","0","0","0","0","0","0","0","0","0","0","0","0","0","0","0","0","0","0","0","0","0","0","0","0","0","0","0","0","0","0","0","0","0","0","0","0","0","0","0","0","0","0","0","0","0"
"1681.94","0","0","0","1","0","1","0","0","0","0","0","0","0","0","0","0","0","0","0","0","0","0","0","0","0","0","0","0","0","0","0","0","0","0","0","0","0","0","0","0","0","0","0","0","0","0","0","0","0","0","0","0","0","0","0","0","0","0","0","0","0","0","0","0"
"702459.3","0","0","0","1","0","1","0","0","0","0","0","0","0","0","0","0","0","0","0","0","0","0","0","0","0","0","0","0","0","0","0","0","0","0","0","0","0","0","0","0","0","0","0","0","0","0","0","0","0","0","0","0","0","0","0","0","0","0","0","0","0","0","0","0"
"883062.5","0","0","0","1","0","1","0","0","0","0","0","0","0","0","0","0","0","0","0","0","0","0","0","0","0","0","0","0","0","0","0","0","0","0","0","0","0","0","0","0","0","0","0","0","0","0","0","0","0","0","0","0","0","0","0","0","0","0","0","0","0","0","0","0"
"1681.114","0","0","0","1","0","1","0","0","0","0","0","0","0","0","0","0","0","0","0","0","0","0","0","0","0","0","0","0","0","0","0","0","0","0","0","0","0","0","0","0","0","0","0","0","0","0","0","0","0","0","0","0","0","0","0","0","0","0","0","0","0","0","0","0"
"1681.116","0","0","0","1","0","1","0","0","0","0","0","0","0","0","0","0","0","0","0","0","0","0","0","0","0","0","0","0","0","0","0","0","0","0","0","0","0","0","0","0","0","0","0","0","0","0","0","0","0","0","0","0","0","0","0","0","0","0","0","0","0","0","0","0"
"1681.137","0","0","0","0","0","1","0","0","0","0","0","0","0","0","0","0","0","0","0","0","0","0","0","0","0","0","0","0","0","0","0","0","0","0","0","0","0","0","0","0","0","0","0","0","0","0","0","0","0","0","0","0","0","0","0","0","0","0","0","0","0","0","0","0"
"1385938.3","0","0","0","0","0","1","0","0","0","0","0","0","0","0","0","0","0","0","0","0","0","0","0","0","0","0","0","0","0","0","0","0","0","0","0","0","0","0","0","1","0","0","0","0","0","0","0","0","0","0","0","0","0","0","0","0","0","0","0","0","0","0","0","0"
"1385942.3","0","0","0","0","0","1","0","0","0","0","0","0","0","0","0","0","0","0","0","0","0","0","0","0","0","0","0","0","0","0","0","0","0","0","0","0","0","0","0","1","0","0","0","0","0","0","0","0","0","0","0","0","0","0","0","0","0","0","0","0","0","0","0","0"
"866777.3","0","0","0","0","0","1","0","0","0","0","0","0","0","0","0","0","0","0","0","0","0","0","0","0","0","0","0","0","0","0","0","0","0","0","0","0","0","0","0","1","0","0","0","0","0","0","0","0","0","0","0","0","0","0","0","0","0","0","0","0","0","0","0","0"
"216816.1985","0","0","0","0","0","1","0","0","0","0","0","0","0","0","0","0","0","0","0","0","0","0","0","0","0","0","0","0","0","0","0","0","0","0","0","0","0","0","0","0","0","0","0","0","0","0","0","0","0","0","0","0","0","0","0","0","0","0","0","0","0","0","0","0"
"216816.1988","0","0","0","0","0","1","0","0","0","0","0","0","0","0","0","0","0","0","0","0","0","0","0","0","0","0","0","0","0","0","0","0","0","0","0","0","0","0","0","0","0","0","0","0","0","0","0","0","0","0","0","0","0","0","0","0","0","0","0","0","0","0","0","0"
"1682.55","0","0","0","0","0","1","0","0","0","0","0","0","0","0","0","0","0","0","0","0","0","0","0","0","0","0","0","0","0","0","0","0","0","0","0","0","0","0","0","0","0","0","0","0","0","0","0","0","0","0","0","0","0","0","0","0","0","0","0","0","0","0","0","0"
"1685.589","0","0","0","0","0","1","0","0","0","0","0","0","0","0","0","0","0","0","0","0","0","0","0","0","0","0","0","0","0","0","0","0","0","0","0","0","0","0","0","0","0","0","0","0","0","0","0","0","0","0","0","0","0","0","0","0","0","0","0","0","0","0","0","0"
"1685.590","0","0","0","0","0","1","0","0","0","0","0","0","0","0","0","0","0","0","0","0","0","0","0","0","0","0","0","0","0","0","0","0","0","0","0","0","0","0","0","0","0","0","0","0","0","0","0","0","0","0","0","0","0","0","0","0","0","0","0","0","0","0","0","0"
"1685.400","0","0","0","0","0","1","0","0","0","0","0","0","0","0","0","0","0","0","0","0","0","0","0","0","0","0","0","0","0","0","0","0","1","0","0","0","0","0","0","0","0","0","0","0","0","0","0","0","0","0","0","0","0","0","0","0","0","0","0","0","0","0","0","0"
"1685.408","0","0","0","0","0","1","0","0","0","0","0","0","0","0","0","0","0","0","0","0","0","0","0","0","0","0","0","0","0","0","0","0","0","0","0","0","0","0","0","0","0","0","0","0","0","0","0","0","0","0","0","0","0","0","0","0","0","0","0","0","0","0","0","0"
"1685.409","0","0","0","0","0","1","0","0","0","0","0","0","0","0","0","0","0","0","0","0","0","0","0","0","0","0","0","0","0","0","0","0","0","0","0","0","0","0","0","0","0","0","0","0","0","0","0","0","0","0","0","0","0","0","0","0","0","0","0","0","0","0","0","0"
"1036735.3","0","0","0","0","0","1","0","0","0","0","0","0","0","0","0","0","0","0","0","0","0","0","0","0","0","0","0","0","0","0","0","0","0","0","0","0","0","0","0","1","0","0","0","0","0","0","0","0","0","0","0","0","0","0","0","0","0","0","0","0","0","0","0","0"
"1074482.3","0","0","0","0","0","1","0","0","0","0","0","0","0","0","0","0","0","0","0","0","0","0","0","0","0","0","0","0","0","0","0","0","0","0","0","0","0","0","0","1","0","0","0","0","0","0","0","0","0","0","0","0","0","0","0","0","0","0","0","0","0","0","0","0"
"518634.20","0","0","0","0","0","1","0","0","0","0","0","0","0","0","0","0","0","0","0","0","0","0","0","0","0","0","0","0","0","0","0","0","0","0","0","0","0","0","0","1","0","0","0","0","0","0","0","0","0","0","0","0","0","0","0","0","0","0","0","0","0","0","0","0"
"1203540.3","0","0","0","0","0","1","0","0","0","0","0","0","0","0","0","0","0","0","0","0","0","0","0","0","0","0","0","0","0","0","0","0","0","0","0","0","0","0","0","1","0","0","0","0","0","0","0","0","0","0","0","0","0","0","0","0","0","0","0","0","0","0","0","0"
"1385939.3","0","0","0","0","0","1","0","0","0","0","0","0","0","0","0","0","0","0","0","0","0","0","0","0","0","0","0","0","0","0","0","0","0","0","0","0","0","0","0","0","0","0","0","0","0","0","0","0","0","0","0","0","0","0","0","0","0","0","0","0","0","0","0","0"
"1385940.3","0","0","0","0","0","1","0","0","0","0","0","0","0","0","0","0","0","0","0","0","0","0","0","0","0","0","0","0","0","0","0","0","0","0","0","0","0","0","0","1","0","0","0","0","0","0","0","0","0","0","0","0","0","0","0","0","0","0","0","0","0","0","0","0"
"1685.1289","0","0","0","0","0","1","0","0","0","0","0","0","0","0","0","0","0","0","0","0","0","0","0","0","0","0","1","0","0","0","1","0","0","0","0","0","0","0","0","0","0","0","0","0","0","0","0","0","0","0","0","0","0","0","0","0","0","0","0","0","0","0","0","0"
"1365960.3","0","0","0","0","0","1","0","0","0","0","0","0","0","0","0","0","0","0","0","0","0","0","0","0","0","0","0","0","0","0","0","0","0","0","0","0","0","0","0","1","0","0","0","0","0","0","0","0","0","0","0","0","0","0","0","0","0","0","0","0","0","0","0","0"
"1365961.3","0","0","0","0","0","1","0","0","0","0","0","0","0","0","0","0","0","0","0","0","0","0","0","0","0","0","0","0","0","0","0","0","0","0","0","0","0","0","0","1","0","0","0","0","0","0","0","0","0","0","0","0","0","0","0","0","0","0","0","0","0","0","0","0"
"1365962.3","0","0","0","0","0","1","0","0","0","0","0","0","0","0","0","0","0","0","0","0","0","0","0","0","0","0","0","0","0","0","0","0","0","0","0","0","0","0","0","1","0","0","0","0","0","0","0","0","0","0","0","0","0","0","0","0","0","0","0","0","0","0","0","0"
"1365963.3","0","0","0","0","0","1","0","0","0","0","0","0","0","0","0","0","0","0","0","0","0","0","0","0","0","0","0","0","0","0","0","0","0","0","0","0","0","0","0","1","0","0","0","0","0","0","0","0","0","0","0","0","0","0","0","0","0","0","0","0","0","0","0","0"
"1365964.3","0","0","0","0","0","1","0","0","0","0","0","0","0","0","0","0","0","0","0","0","0","0","0","0","0","0","0","0","0","0","0","0","0","0","0","0","0","0","0","1","0","0","0","0","0","0","0","0","0","0","0","0","0","0","0","0","0","0","0","0","0","0","0","0"
"1365965.3","0","0","0","0","0","1","0","0","0","0","0","0","0","0","0","0","0","0","0","0","0","0","0","0","0","0","0","0","0","0","0","0","0","0","0","0","0","0","0","1","0","0","0","0","0","0","0","0","0","0","0","0","0","0","0","0","0","0","0","0","0","0","0","0"
"1365966.3","0","0","0","0","0","1","0","0","0","0","0","0","0","0","0","0","0","0","0","0","0","0","0","0","0","0","0","0","0","0","0","0","0","0","0","0","0","0","0","1","0","0","0","0","0","0","0","0","0","0","0","0","0","0","0","0","0","0","0","0","0","0","0","0"
"1365968.3","0","0","0","0","0","1","0","0","0","0","0","0","0","0","0","0","0","0","0","0","0","0","0","0","0","0","0","0","0","0","0","0","0","0","0","0","0","0","0","1","0","0","0","0","0","0","0","0","0","0","0","0","0","0","0","0","0","0","0","0","0","0","0","0"
"1365969.3","0","0","0","0","0","1","0","0","0","0","0","0","0","0","0","0","0","0","0","0","0","0","0","0","0","0","0","0","0","0","0","0","0","0","0","0","0","0","0","1","0","0","0","0","0","0","0","0","0","0","0","0","0","0","0","0","0","0","0","0","0","0","0","0"
"1385941.3","0","0","0","0","0","1","0","0","0","0","0","0","0","0","0","0","0","0","0","0","0","0","0","0","0","0","0","0","0","0","0","0","0","0","0","0","0","0","0","1","0","0","0","0","0","0","0","0","0","0","0","0","0","0","0","0","0","0","0","0","0","0","0","0"
"1682.56","0","0","0","0","0","1","0","0","0","0","0","0","0","0","0","0","0","0","0","0","0","0","0","0","0","0","0","0","0","0","0","0","0","0","0","0","0","0","0","0","0","0","0","0","0","0","0","0","0","0","0","0","0","0","0","0","0","0","0","0","0","0","0","0"
"6666666.201646","0","0","0","0","0","1","0","0","0","0","0","0","0","0","0","0","0","0","0","0","0","0","0","0","0","0","0","0","0","0","0","0","0","0","0","0","0","0","0","1","0","0","0","0","0","0","0","0","0","0","0","0","0","0","0","0","0","0","0","0","0","0","0","0"
"326426.4","0","0","0","0","0","1","0","0","0","0","0","0","0","0","0","0","0","0","0","0","0","0","0","0","0","0","0","0","0","0","0","0","0","0","0","0","0","0","0","0","0","0","0","0","0","0","0","0","0","0","0","0","0","0","0","0","0","0","0","0","0","0","0","0"
"1686.6","0","1","1","1","0","1","0","0","0","0","0","0","0","0","0","1","1","0","0","0","0","0","1","1","1","1","0","0","0","0","0","0","0","0","0","0","0","0","0","0","0","0","0","0","0","0","0","0","0","0","0","1","1","1","1","1","1","1","0","1","1","0","1","0"
"566552.4","0","1","1","1","0","1","0","0","0","0","0","0","0","0","0","1","1","0","0","0","0","0","1","1","1","1","0","0","0","0","0","1","0","0","0","0","0","0","0","1","1","0","1","1","1","1","0","0","0","0","0","1","1","1","1","1","1","1","0","1","1","0","1","0"
"630129.38","0","1","1","1","0","1","0","0","0","0","0","0","0","0","0","1","1","1","1","1","0","0","1","1","1","1","1","0","0","0","0","0","0","0","0","0","0","0","0","0","0","0","0","0","0","0","0","0","0","0","0","0","0","0","0","0","0","0","1","1","1","1","1","1"
"1150460.7","1","1","1","1","0","1","1","1","1","1","0","0","0","0","0","1","1","0","0","0","0","0","1","1","1","1","0","0","0","0","0","0","0","0","0","0","0","0","0","0","0","0","0","0","0","0","0","0","0","0","0","0","0","0","0","0","0","0","1","1","1","1","1","1"
"630129.13","0","1","1","1","0","1","0","0","0","0","0","0","0","0","0","1","1","1","1","1","1","0","1","1","1","1","1","0","0","0","0","0","0","0","0","0","0","0","0","0","0","0","0","0","0","0","0","0","0","0","0","0","0","0","0","0","0","0","0","0","1","0","0","0"
"630129.10","0","1","1","1","0","1","0","0","0","0","0","0","0","0","0","1","1","1","1","1","1","0","1","1","1","1","1","0","0","0","0","0","0","0","0","0","0","0","0","0","0","0","0","0","0","0","0","0","0","0","0","0","0","0","0","0","0","0","0","0","1","0","0","0"
"1447716.4","1","1","1","1","0","1","1","1","1","1","0","0","0","0","0","1","1","1","1","1","1","0","1","1","1","1","1","0","0","0","0","0","0","0","0","0","0","0","0","0","0","0","0","0","0","0","0","0","0","0","0","0","0","0","0","0","0","0","0","0","1","0","0","0"
"871562.3","1","1","1","1","0","1","1","1","1","1","0","0","0","0","0","1","1","1","1","0","0","0","1","1","1","1","0","0","0","0","0","0","0","0","0","0","0","0","0","0","0","0","0","0","0","0","0","0","0","0","0","0","0","0","0","0","0","0","1","1","1","1","1","1"
"401473.3","1","1","1","1","0","1","1","1","1","1","0","0","0","0","0","1","1","1","1","0","0","0","1","1","1","1","0","0","0","0","0","1","0","0","0","0","0","0","0","1","1","0","1","1","1","1","0","0","0","0","0","0","0","0","0","0","0","0","1","1","1","1","1","1"
"1161409.3","1","1","1","1","0","1","1","1","1","1","0","0","0","0","0","1","1","1","1","0","0","0","1","1","1","1","0","0","0","0","0","0","0","0","0","0","0","0","0","1","0","0","1","1","1","1","0","0","0","0","0","0","0","0","0","0","0","0","1","1","1","1","1","1"
"6666666.201629","1","1","1","1","0","1","1","1","1","1","0","0","0","0","0","1","1","1","1","0","0","0","1","1","1","1","0","0","0","0","0","0","0","0","0","0","0","0","0","1","0","0","1","1","1","1","0","0","0","0","0","0","0","0","0","0","0","0","1","1","1","1","1","1"
"561180.4","0","1","1","1","0","1","0","0","0","0","0","0","0","0","0","0","0","0","0","0","0","0","0","0","0","0","0","0","0","0","0","0","0","0","0","0","0","0","0","0","0","0","0","0","0","0","0","0","0","0","0","0","0","0","0","0","0","0","0","0","0","0","0","0"
"1694.11","1","1","1","1","0","1","1","1","1","1","0","0","0","0","0","1","1","0","1","1","1","0","1","1","1","1","1","0","0","0","0","0","0","0","0","0","0","0","0","0","0","0","0","0","0","0","0","0","0","0","0","0","0","0","0","0","0","0","0","0","1","0","0","0"
"1690.84","1","1","1","1","0","1","1","1","1","1","0","0","0","0","0","1","1","0","1","1","1","0","1","1","1","1","1","0","0","0","0","0","0","0","0","0","0","0","0","0","0","0","0","0","0","0","0","0","0","0","0","0","0","0","0","0","0","0","0","0","1","0","0","0"
"1447715.5","1","1","1","1","0","1","1","1","1","1","0","0","0","0","0","1","1","0","1","1","1","0","1","1","1","1","1","0","0","0","0","0","0","0","0","0","0","0","0","0","0","0","0","0","0","0","0","0","0","0","0","0","0","0","0","0","0","0","0","0","1","0","0","0"
"630129.8","0","1","1","1","0","1","0","0","0","0","0","0","0","0","0","1","1","0","1","1","1","0","1","1","1","1","1","0","0","0","0","0","0","0","0","0","0","0","0","0","0","0","0","0","0","0","0","0","0","0","0","0","0","0","0","0","0","0","1","0","1","0","1","1"
"1686.302","1","1","1","1","0","1","1","1","1","1","0","0","0","0","0","1","1","0","1","1","1","0","1","1","1","1","0","0","0","0","0","0","0","0","0","0","0","0","0","0","0","0","0","0","0","0","0","0","0","0","0","0","0","0","0","0","0","0","1","0","1","0","1","1"
"28026.754","0","1","1","1","0","1","0","0","0","0","0","0","0","0","0","1","1","1","1","1","0","0","1","1","1","1","1","0","0","0","0","0","0","0","0","0","0","0","0","0","0","0","0","0","0","0","0","0","0","0","0","0","0","0","0","0","0","0","1","0","1","0","1","1"
"391904.5","0","0","0","0","0","1","0","0","0","0","0","0","0","0","0","0","0","0","0","0","0","0","0","0","0","0","0","0","0","0","0","0","1","0","0","0","0","0","0","0","0","0","0","0","0","0","0","0","0","0","0","0","0","0","0","0","0","0","0","0","0","0","0","0"
"1682.51","0","0","0","0","0","1","0","0","0","0","0","0","0","0","0","0","0","0","0","0","0","0","0","0","0","0","0","0","0","0","0","0","1","0","0","0","0","0","0","0","0","0","0","0","0","0","0","0","0","0","0","0","0","0","0","0","0","0","0","0","0","0","0","0"
"1682.151","0","0","0","0","0","1","0","0","0","0","0","0","0","0","0","0","0","0","0","0","0","0","0","0","0","0","0","0","0","0","0","0","1","0","0","0","0","0","0","0","0","0","0","0","0","0","0","0","0","0","0","0","0","0","0","0","0","0","0","0","0","0","0","0"
"1682.153","0","0","0","0","0","1","0","0","0","0","0","0","0","0","0","0","0","0","0","0","0","0","0","0","0","0","0","0","0","0","0","0","1","0","0","0","0","0","0","0","0","0","0","0","0","0","0","0","0","0","0","0","0","0","0","0","0","0","0","0","0","0","0","0"
"1682.24","0","0","0","0","0","1","0","0","0","0","0","0","0","0","0","0","0","0","0","0","0","0","0","0","0","0","0","0","0","0","0","0","1","0","0","0","0","0","0","0","0","0","0","0","0","0","0","0","0","0","0","0","0","0","0","0","0","0","0","0","0","0","0","0"
"1682.29","0","0","0","0","0","1","0","0","0","0","0","0","0","0","0","0","0","0","0","0","0","0","0","0","0","0","0","0","0","0","0","0","1","0","0","0","0","0","0","0","0","0","0","0","0","0","0","0","0","0","0","0","0","0","0","0","0","0","0","0","0","0","0","0"
"1682.154","0","0","0","0","0","1","0","0","0","0","0","0","0","0","0","0","0","0","0","0","0","0","0","0","0","0","0","0","0","0","0","0","1","0","0","0","0","0","0","0","0","0","0","0","0","0","0","0","0","0","0","0","0","0","0","0","0","0","0","0","0","0","0","0"
"1682.137","0","0","0","0","0","1","0","0","0","0","0","0","0","0","0","0","0","0","0","0","0","0","0","0","0","0","0","0","0","0","0","0","1","0","0","0","0","0","0","0","0","0","0","0","0","0","0","0","0","0","0","0","0","0","0","0","0","0","0","0","0","0","0","0"
"1682.138","0","0","0","0","0","1","0","0","0","0","0","0","0","0","0","0","0","0","0","0","0","0","0","0","0","0","0","0","0","0","0","0","1","0","0","0","0","0","0","0","0","0","0","0","0","0","0","0","0","0","0","0","0","0","0","0","0","0","0","0","0","0","0","0"
"1682.136","0","0","0","0","0","1","1","1","1","1","0","0","0","0","0","0","0","0","0","0","0","0","0","0","0","0","0","0","0","0","0","0","1","0","0","0","0","0","0","0","0","0","0","0","0","0","0","0","0","0","0","0","0","0","0","0","0","0","0","0","0","0","0","0"
"1682.50","0","0","0","0","0","1","0","0","0","0","0","0","0","0","0","0","0","0","0","0","0","0","0","0","0","0","0","0","0","0","0","0","1","0","0","0","0","0","0","0","0","0","0","0","0","0","0","0","0","0","0","0","0","0","0","0","0","0","0","0","0","0","0","0"
"1682.49","0","0","0","0","0","1","0","0","0","0","0","0","0","0","0","0","0","0","0","0","0","0","0","0","0","0","0","0","0","0","0","0","1","0","0","0","0","0","0","0","0","0","0","0","0","0","0","0","0","0","0","0","0","0","0","0","0","0","0","0","0","0","0","0"
"1678.111","0","0","0","0","0","1","0","0","0","0","0","0","0","0","0","0","0","0","0","0","0","0","0","0","0","0","0","0","0","0","0","0","1","0","0","0","0","0","0","0","0","0","0","0","0","0","0","0","0","0","0","0","0","0","0","0","0","0","0","0","0","0","0","0"
"1682.30","0","0","0","0","0","1","0","0","0","0","0","0","0","0","0","0","0","0","0","0","0","0","0","0","0","0","0","0","0","0","0","0","1","0","0","0","0","0","0","0","0","0","0","0","0","0","0","0","0","0","0","0","0","0","0","0","0","0","0","0","0","0","0","0"
"216816.315","1","1","1","1","0","1","1","1","1","1","1","1","1","1","0","0","0","0","0","0","0","0","0","0","0","0","1","0","0","0","1","1","1","1","1","0","0","1","0","1","1","1","1","1","1","1","0","0","0","0","0","0","0","0","0","0","0","0","1","1","0","0","0","1"
"1350471.3","1","1","1","1","0","1","1","1","1","1","1","1","1","1","0","1","1","0","1","1","0","1","1","1","1","1","1","0","0","0","1","1","1","1","0","0","0","0","0","1","1","1","1","1","1","1","0","1","0","0","0","0","0","0","0","0","0","0","1","1","0","0","1","1"
"1161744.3","1","1","1","1","0","1","1","1","1","1","1","1","1","1","0","1","1","0","1","1","0","1","1","1","1","1","1","0","0","0","1","1","1","1","1","1","1","1","0","1","1","1","1","1","1","1","0","0","0","0","0","0","0","0","0","0","0","0","1","1","0","0","1","1"
"216816.107","1","1","1","1","0","1","1","1","1","1","1","1","1","1","0","1","1","0","1","1","0","1","1","1","1","1","1","0","0","0","1","1","1","1","1","1","1","1","0","1","1","1","1","1","1","1","0","0","0","0","0","0","0","0","0","0","0","0","1","1","0","0","1","1"
"469594.3","1","1","1","1","0","1","1","1","1","1","1","1","1","1","0","1","1","0","1","1","0","1","1","1","1","1","1","0","0","0","1","1","1","1","0","0","0","0","0","1","1","1","1","1","1","1","0","0","0","0","0","0","0","0","0","0","0","0","1","1","0","0","1","1"
"565040.3","1","1","1","1","0","1","1","1","1","1","1","1","1","1","0","0","0","0","0","0","0","0","0","0","0","0","1","0","0","0","1","1","1","1","0","0","0","0","0","1","1","1","1","1","1","1","0","0","0","0","0","0","0","0","0","0","0","0","1","1","0","0","0","1"
"1350473.3","1","1","1","1","0","1","1","1","1","1","1","1","1","1","0","0","0","0","0","0","0","0","0","0","0","0","1","0","0","0","1","1","1","1","1","0","0","1","0","1","1","1","1","1","1","1","0","1","0","0","0","0","0","0","0","0","0","0","1","1","0","0","0","1"
"216816.146","1","1","1","1","0","1","1","1","1","1","1","1","1","1","0","1","1","0","1","1","0","1","1","1","1","1","1","0","0","0","1","1","1","1","0","0","0","0","0","1","1","1","1","1","1","1","0","0","0","0","0","0","0","0","0","0","0","0","1","1","0","0","1","1"
"216816.145","1","1","1","1","0","1","1","1","1","1","1","1","1","1","0","1","1","0","1","1","0","1","1","1","1","1","1","0","0","0","1","1","1","1","1","1","1","1","0","1","1","1","1","1","1","1","0","1","0","0","0","0","0","0","0","0","0","0","1","1","0","0","1","1"
"1161745.3","1","1","1","1","0","1","1","1","1","1","1","1","1","1","0","1","1","0","1","1","0","1","1","1","1","1","1","0","0","0","1","1","1","1","1","1","1","1","0","1","1","1","1","1","1","1","1","1","0","0","0","0","0","0","0","0","0","0","1","1","0","0","1","1"
"1679.29","1","1","1","1","0","1","1","1","1","1","1","1","1","1","0","0","0","0","0","0","0","0","0","0","0","0","1","0","0","0","1","1","1","1","1","1","1","1","0","1","1","1","1","1","1","1","1","0","0","0","0","0","0","0","0","0","0","0","1","1","0","0","0","1"
"216816.126","1","1","1","1","0","1","1","1","1","1","1","1","1","1","0","0","0","0","0","0","0","0","0","0","0","0","1","0","0","0","1","1","1","1","1","0","0","1","0","1","1","1","1","1","1","1","0","1","0","0","0","0","0","0","0","0","0","0","1","1","0","0","0","1"
"1161904.3","1","1","1","1","0","1","1","1","1","1","1","1","1","1","0","1","1","0","1","1","0","1","1","1","1","1","1","0","0","0","1","1","1","1","1","1","1","1","0","1","1","1","1","1","1","1","1","1","0","0","0","0","0","0","0","0","0","0","1","1","0","0","1","1"
"216816.117","1","1","1","1","0","1","1","1","1","1","1","1","1","1","0","1","1","0","1","1","0","1","1","1","1","1","1","0","0","0","1","1","1","1","0","0","0","0","0","1","1","1","1","1","1","1","0","1","0","0","0","0","0","0","0","0","0","0","1","1","0","0","1","1"
"1161743.3","1","1","1","1","0","1","1","1","1","1","1","1","1","1","0","1","1","0","1","1","0","1","1","1","1","1","1","0","0","0","1","1","1","1","1","1","1","1","0","1","1","1","1","1","1","1","0","0","0","0","0","0","0","0","0","0","0","0","1","1","0","0","1","1"
"1350472.3","1","1","1","1","0","1","1","1","1","1","1","1","1","1","0","1","1","0","1","1","0","1","1","1","1","1","1","0","0","0","1","1","1","1","1","1","1","1","0","1","1","1","1","1","1","1","1","0","0","0","0","0","0","0","0","0","0","0","1","1","0","0","1","1"
"1457184.3","1","1","1","1","0","1","1","1","1","1","1","1","1","1","0","0","0","0","0","0","0","0","0","0","0","0","1","0","0","0","1","1","1","1","0","0","0","0","0","1","1","1","1","1","1","1","0","0","0","0","0","0","0","0","0","0","0","0","0","0","0","0","0","0"
"216816.288","1","1","1","1","0","1","1","1","1","1","1","1","1","1","0","0","0","0","0","0","0","0","0","0","0","0","1","0","0","0","1","1","1","1","1","1","1","1","0","1","1","1","1","1","1","1","0","1","0","0","0","0","0","0","0","0","0","0","1","1","0","0","0","1"
"216816.286","1","1","1","1","0","1","1","1","1","1","1","1","1","1","0","0","0","0","0","0","0","0","0","0","0","0","1","0","0","0","1","1","1","1","1","1","1","1","0","0","0","0","0","0","0","0","0","1","0","0","0","0","0","0","0","0","0","0","1","1","0","0","0","1"
"216816.284","1","1","1","1","0","1","1","1","1","1","1","1","1","1","0","0","0","0","0","0","0","0","0","0","0","0","1","0","0","0","1","1","1","1","0","0","0","0","0","1","1","1","1","1","1","1","0","0","0","0","0","0","0","0","0","0","0","0","1","1","0","0","0","1"
"216816.283","1","1","1","1","0","1","1","1","1","1","1","1","1","1","0","0","0","0","0","0","0","0","0","0","0","0","1","0","0","0","1","1","1","1","1","1","1","1","0","1","1","1","1","1","1","1","0","1","0","0","0","0","0","0","0","0","0","0","1","1","0","0","0","1"
"216816.282","1","1","1","1","0","1","1","1","1","1","1","1","1","1","0","0","0","0","0","0","0","0","0","0","0","0","1","0","0","0","1","1","1","1","0","0","0","0","0","1","1","1","1","1","1","1","0","0","0","0","0","0","0","0","0","0","0","0","1","1","0","0","0","1"
"216816.280","1","1","1","1","0","1","1","1","1","1","1","1","1","1","0","0","0","0","0","0","0","0","0","0","0","0","1","0","0","0","1","1","1","1","0","0","0","0","0","1","1","1","1","1","1","1","0","0","0","0","0","0","0","0","0","0","0","0","1","1","0","0","0","1"
"216816.277","1","1","1","1","0","1","1","1","1","1","1","1","1","1","0","0","0","0","0","0","0","0","0","0","0","0","1","0","0","0","1","1","1","0","0","0","0","0","0","1","1","1","1","1","1","1","0","1","0","0","0","0","0","0","0","0","0","0","1","1","0","0","0","1"
"216816.275","1","1","1","1","0","1","1","1","1","1","1","1","1","1","0","0","0","0","0","0","0","0","0","0","0","0","1","0","0","0","1","1","1","1","1","1","1","1","0","0","0","0","0","0","0","0","0","1","0","0","0","0","0","0","0","0","0","0","1","1","0","0","0","1"
"216816.274","1","1","1","1","0","1","1","1","1","1","1","1","1","1","0","0","0","0","0","0","0","0","0","0","0","0","1","0","0","0","1","1","1","1","0","0","0","0","0","1","1","1","1","1","1","1","0","1","0","0","0","0","0","0","0","0","0","0","1","1","0","0","0","1"
"216816.311","1","1","1","1","0","1","1","1","1","1","1","1","1","1","0","0","0","0","0","0","0","0","0","0","0","0","1","0","0","0","1","1","1","1","1","1","1","1","0","1","1","1","1","1","1","1","0","1","0","0","0","0","0","0","0","0","0","0","1","1","0","0","0","1"
"216816.310","1","1","1","1","0","1","1","1","1","1","1","1","1","1","0","0","0","0","0","0","0","0","0","0","0","0","1","0","0","0","1","1","1","1","1","1","1","1","0","1","1","1","1","1","1","1","0","1","0","0","0","0","0","0","0","0","0","0","1","1","0","0","0","1"
"216816.309","1","1","1","1","0","1","1","1","1","1","1","1","1","1","0","0","0","0","0","0","0","0","0","0","0","0","1","0","0","0","1","1","1","1","1","1","1","1","0","1","1","1","1","1","1","1","0","1","0","0","0","0","0","0","0","0","0","0","1","1","0","0","0","1"
"216816.308","1","1","1","1","0","1","1","1","1","1","1","1","1","1","0","0","0","0","0","0","0","0","0","0","0","0","1","0","0","0","1","1","1","1","1","1","1","1","0","0","0","0","0","0","0","0","0","1","0","0","0","0","0","0","0","0","0","0","1","1","0","0","0","1"
"1679.26","1","1","1","1","0","1","1","1","1","1","1","1","1","1","0","1","1","0","1","1","0","1","1","1","1","1","1","0","0","0","1","1","1","1","1","1","1","1","0","1","1","1","1","1","1","1","0","1","0","0","0","0","0","0","0","0","0","0","1","1","0","0","1","1"
"216816.306","1","1","1","1","0","1","1","1","1","1","1","1","1","1","0","0","0","0","0","0","0","0","0","0","0","0","1","0","0","0","1","1","1","1","1","1","1","1","0","1","1","1","1","1","1","1","0","1","0","0","0","0","0","0","0","0","0","0","1","1","0","0","0","1"
"216816.305","1","1","1","1","0","1","1","1","1","1","1","1","1","1","0","0","0","0","0","0","0","0","0","0","0","0","1","0","0","0","1","1","1","1","1","0","0","1","0","1","1","1","1","1","1","1","0","1","0","0","0","0","0","0","0","0","0","0","1","1","0","0","0","1"
"216816.304","1","1","1","1","0","1","1","1","1","1","1","1","1","1","0","0","0","0","0","0","0","0","0","0","0","0","1","0","0","0","1","1","1","1","1","1","1","1","0","1","1","1","1","1","1","1","0","0","0","0","0","0","0","0","0","0","0","0","1","1","0","0","0","1"
"216816.303","1","1","1","1","0","1","1","1","1","1","1","1","1","1","0","0","0","0","0","0","0","0","0","0","0","0","1","0","0","0","1","1","1","1","1","1","1","1","0","1","1","1","1","1","1","1","0","1","0","0","0","0","0","0","0","0","0","0","1","1","0","0","0","1"
"216816.301","1","1","1","1","0","1","1","1","1","1","1","1","1","1","0","0","0","0","0","0","0","0","0","0","0","0","1","0","0","0","1","1","1","1","1","1","1","1","0","1","1","1","1","1","1","1","0","1","0","0","0","0","0","0","0","0","0","0","1","1","0","0","0","1"
"216816.299","1","1","1","1","0","1","1","1","1","1","1","1","1","1","0","0","0","0","0","0","0","0","0","0","0","0","1","0","0","0","1","1","1","1","1","1","1","1","0","1","1","1","1","1","1","1","0","0","0","0","0","0","0","0","0","0","0","0","1","1","0","0","0","1"
"216816.298","1","1","1","1","0","1","1","1","1","1","1","1","1","1","0","0","0","0","0","0","0","0","0","0","0","0","1","0","0","0","1","1","1","1","1","1","1","1","0","1","1","1","1","1","1","1","0","1","0","0","0","0","0","0","0","0","0","0","1","1","0","0","0","1"
"216816.297","1","1","1","1","0","1","1","1","1","1","1","1","1","1","0","0","0","0","0","0","0","0","0","0","0","0","1","0","0","0","1","1","1","1","1","1","1","1","0","1","1","1","1","1","1","1","0","1","0","0","0","0","0","0","0","0","0","0","1","1","0","0","0","1"
"216816.294","1","1","1","1","0","1","1","1","1","1","1","1","1","1","0","0","0","0","0","0","0","0","0","0","0","0","1","0","0","0","1","1","1","1","1","1","1","1","0","1","1","1","1","1","1","1","0","1","0","0","0","0","0","0","0","0","0","0","1","1","0","0","0","1"
"216816.296","1","1","1","1","0","1","1","1","1","1","1","1","1","1","0","1","1","0","1","1","0","1","1","1","1","1","1","0","0","0","1","1","1","1","0","0","0","0","0","1","1","1","1","1","1","1","0","0","0","0","0","0","0","0","0","0","0","0","1","1","0","0","1","1"
"216816.293","1","1","1","1","0","1","1","1","1","1","1","1","1","1","0","0","0","0","0","0","0","0","0","0","0","0","1","0","0","0","1","1","1","1","1","1","1","1","0","0","0","0","0","0","0","0","0","1","0","0","0","0","0","0","0","0","0","0","1","1","0","0","0","1"
"216816.295","1","1","1","1","0","1","1","1","1","1","1","1","1","1","0","0","0","0","0","0","0","0","0","0","0","0","1","0","0","0","1","1","1","1","1","0","0","1","0","1","1","1","1","1","1","1","0","0","0","0","0","0","0","0","0","0","0","0","1","1","0","0","0","1"
"216816.181","1","1","1","1","0","1","1","1","1","1","1","1","1","1","0","1","1","0","1","1","0","1","1","1","1","1","1","0","0","0","1","1","1","1","1","1","1","1","0","1","1","1","1","1","1","1","0","0","0","0","0","0","0","0","0","0","0","0","1","1","0","0","1","1"
"216816.180","1","1","1","1","0","1","1","1","1","1","1","1","1","1","0","0","0","0","0","0","0","0","0","0","0","0","1","0","0","0","1","1","1","1","1","1","1","1","0","1","1","1","1","1","1","1","0","0","0","0","0","0","0","0","0","0","0","0","1","1","0","0","0","1"
"216816.179","1","1","1","1","0","1","1","1","1","1","1","1","1","1","0","1","1","0","1","1","0","1","1","1","1","1","1","0","0","0","1","1","1","1","0","0","0","0","0","1","1","1","1","1","1","1","0","0","0","0","0","0","0","0","0","0","0","0","1","1","0","0","1","1"
"216816.185","1","1","1","1","0","1","1","1","1","1","1","1","1","1","0","1","1","0","1","1","0","1","1","1","1","1","1","0","0","0","1","1","1","1","0","0","0","0","0","0","0","0","0","0","0","0","0","0","0","0","0","0","0","0","0","0","0","0","1","1","0","0","1","1"
"216816.178","1","1","1","1","0","1","1","1","1","1","1","1","1","1","0","1","1","0","1","1","0","1","1","1","1","1","1","0","0","0","1","1","1","1","0","0","0","0","0","1","1","1","1","1","1","1","0","0","0","0","0","0","0","0","0","0","0","0","1","1","0","0","1","1"
"216816.176","1","1","1","1","0","1","1","1","1","1","1","1","1","1","0","0","0","0","0","0","0","0","0","0","0","0","1","0","0","0","1","1","1","1","1","1","1","1","0","1","1","1","1","1","1","1","0","1","0","0","0","0","0","0","0","0","0","0","0","0","0","0","0","0"
"216816.177","1","1","1","1","0","1","1","1","1","1","1","1","1","1","0","1","1","0","1","1","0","1","1","1","1","1","1","0","0","0","1","1","1","1","0","0","0","0","0","1","1","1","1","1","1","1","0","0","0","0","0","0","0","0","0","0","0","0","1","1","0","0","1","1"
"216816.184","1","1","1","1","0","1","1","1","1","1","1","1","1","1","0","1","1","0","1","1","0","1","1","1","1","1","1","0","0","0","1","1","1","1","1","1","1","1","1","1","1","1","1","1","1","1","0","1","0","0","0","0","0","0","0","0","0","0","1","1","0","0","1","1"
"216816.173","1","1","1","1","0","1","1","1","1","1","1","1","1","1","0","0","0","0","0","0","0","0","0","0","0","0","1","0","0","0","1","1","1","1","1","1","1","1","0","1","1","1","1","1","1","1","0","1","0","0","0","0","0","0","0","0","0","0","1","1","0","0","0","1"
"216816.174","1","1","1","1","0","1","1","1","1","1","1","1","1","1","0","0","0","0","0","0","0","0","0","0","0","0","1","0","0","0","1","1","1","1","1","1","1","1","0","1","1","1","1","1","1","1","0","1","0","0","0","0","0","0","0","0","0","0","0","0","0","0","0","0"
"216816.172","1","1","1","1","0","1","1","1","1","1","1","1","1","1","0","0","0","0","0","0","0","0","0","0","0","0","1","0","0","0","1","1","1","1","1","1","1","1","0","1","1","1","1","1","1","1","0","1","0","0","0","0","0","0","0","0","0","0","0","0","0","0","0","0"
"216816.169","1","1","1","1","0","1","1","1","1","1","1","1","1","1","0","1","1","0","1","1","0","1","1","1","1","1","1","0","0","0","1","1","1","1","0","0","0","0","0","1","1","1","1","1","1","1","0","1","0","0","0","0","0","0","0","0","0","0","1","1","0","0","1","1"
"216816.168","1","1","1","1","0","1","1","1","1","1","1","1","1","1","0","1","1","0","1","1","0","1","1","1","1","1","1","0","0","0","1","1","1","0","0","0","0","0","0","1","1","1","1","1","1","1","0","1","0","0","0","0","0","0","0","0","0","0","1","1","0","0","1","1"
"548480.3","1","1","1","1","0","1","1","1","1","1","1","1","1","1","0","1","1","0","1","1","0","1","1","1","1","1","1","0","0","0","1","1","1","1","1","1","1","1","0","1","1","1","1","1","1","1","0","0","0","0","0","0","0","0","0","0","0","0","1","1","0","0","1","1"
"890402.3","1","1","1","1","0","1","1","1","1","1","1","1","1","1","0","0","0","0","0","0","0","0","0","0","0","0","1","0","0","0","1","1","1","1","1","1","1","1","0","1","1","1","1","1","1","1","0","1","0","0","0","0","0","0","0","0","0","0","1","1","0","0","0","1"
"216816.1984","1","1","1","1","0","1","1","1","1","1","1","1","1","1","0","0","0","0","0","0","0","0","0","0","0","0","1","0","0","0","1","1","1","1","0","0","0","0","0","1","1","1","1","1","1","1","0","0","0","0","0","0","0","0","0","0","0","0","1","1","0","0","0","1"
"216816.2012","1","1","1","1","0","1","1","1","1","1","1","1","1","1","0","1","1","0","1","1","0","1","1","1","1","1","1","0","0","0","1","1","1","1","0","0","0","0","0","1","1","1","1","1","1","1","0","0","0","0","0","0","0","0","0","0","0","0","1","1","0","0","1","1"
"216816.2011","1","1","1","1","0","1","0","0","0","0","1","1","1","1","0","0","0","0","0","0","0","0","0","0","0","0","1","0","0","0","1","1","1","1","0","0","0","0","0","1","1","1","1","1","1","1","0","0","0","0","0","0","0","0","0","0","0","0","1","1","0","0","0","1"
"216816.1991","1","1","1","1","0","1","1","1","1","1","1","1","1","1","0","0","0","0","0","0","0","0","0","0","0","0","1","0","0","0","1","1","1","1","1","1","1","1","1","1","1","1","1","1","1","1","1","1","0","0","0","0","0","0","0","0","0","0","1","1","0","0","0","1"
"216816.1983","1","1","1","1","0","1","1","1","1","1","1","1","1","1","0","0","0","0","0","0","0","0","0","0","0","0","1","0","0","0","1","1","1","1","0","0","0","0","0","1","1","1","1","1","1","1","0","0","0","0","0","0","0","0","0","0","0","0","1","1","0","0","0","1"
"216816.114","1","1","1","1","0","1","1","1","1","1","1","1","1","1","0","0","0","0","0","0","0","0","0","0","0","0","1","0","0","0","1","1","1","1","1","0","0","1","0","1","1","1","1","1","1","1","0","0","0","0","0","0","0","0","0","0","0","0","1","1","0","0","0","1"
"1679.8","1","1","1","1","0","1","1","1","1","1","1","1","1","1","0","1","1","0","1","1","0","1","1","1","1","1","1","0","0","0","1","1","1","1","0","0","0","0","0","1","1","1","1","1","1","1","0","0","0","0","0","0","0","0","0","0","0","0","1","1","0","0","1","1"
"1679.51","1","1","1","1","0","1","1","1","1","1","1","1","1","1","0","1","1","0","1","1","0","1","1","1","1","1","1","0","0","0","1","1","1","1","1","1","1","1","1","1","1","1","1","1","1","1","0","1","0","0","0","0","0","0","0","0","0","0","1","1","0","0","1","1"
"537937.5","1","1","1","1","0","1","1","1","1","1","1","1","1","1","0","1","1","0","1","1","0","1","1","1","1","1","1","0","0","0","1","1","1","1","1","1","1","1","0","1","1","1","1","1","1","1","0","0","0","0","0","0","0","0","0","0","0","0","1","1","0","0","1","1"
"1679.10","1","1","1","1","0","1","1","1","1","1","1","1","1","1","0","1","1","0","1","1","0","1","1","1","1","1","1","0","0","0","1","1","1","1","1","1","1","1","0","1","1","1","1","1","1","1","0","0","0","0","0","0","0","0","0","0","0","0","1","1","0","0","1","1"
"1682.23","1","1","1","1","0","1","1","1","1","1","1","1","1","1","0","1","1","0","1","1","0","1","1","1","1","1","1","0","0","0","1","1","1","1","0","0","0","0","0","1","1","1","1","1","1","1","0","0","0","0","0","0","0","0","0","0","0","0","1","1","0","0","1","1"
"1205679.3","1","1","1","1","0","1","1","1","1","1","1","1","1","1","0","0","0","0","0","0","0","0","0","0","0","0","1","0","0","0","1","1","1","1","1","1","1","1","0","1","1","1","1","1","1","1","0","0","0","0","0","0","0","0","0","0","0","0","1","1","0","0","0","1"
"216816.115","1","1","1","1","0","1","1","1","1","1","1","1","1","1","0","1","1","0","1","1","0","1","1","1","1","1","1","0","0","0","1","1","1","1","0","0","0","0","0","1","1","1","1","1","1","1","0","0","0","0","0","0","0","0","0","0","0","0","1","1","0","0","1","1"
"205913.6","1","1","1","1","0","1","1","1","1","1","1","1","1","1","0","1","1","0","1","1","0","1","1","1","1","1","1","0","0","0","1","1","1","1","0","0","0","0","0","0","0","0","0","0","0","0","0","0","0","0","0","0","0","0","0","0","0","0","1","1","0","0","1","1"
"216816.171","1","1","1","1","0","1","1","1","1","1","1","1","1","1","0","1","1","0","1","1","0","1","1","1","1","1","1","0","0","0","1","1","1","1","1","1","1","1","0","1","1","1","1","1","1","1","0","0","0","0","0","0","0","0","0","0","0","0","1","1","0","0","1","1"
"216816.167","1","1","1","1","0","1","1","1","1","1","1","1","1","1","0","0","0","0","0","0","0","0","0","0","0","0","1","0","0","0","1","1","1","1","1","1","1","1","0","1","1","1","1","1","1","1","0","1","0","0","0","0","0","0","0","0","0","0","1","1","0","0","0","1"
"216816.183","1","1","1","1","0","1","1","1","1","1","1","1","1","1","0","1","1","0","1","1","0","1","1","1","1","1","1","0","0","0","1","1","1","1","1","1","1","1","0","1","1","1","1","1","1","1","0","0","0","0","0","0","0","0","0","0","0","0","1","1","0","0","1","1"
"216816.170","1","1","1","1","0","1","1","1","1","1","1","1","1","1","0","1","1","0","1","1","0","1","1","1","1","1","1","0","0","0","1","1","1","1","1","1","1","1","0","1","1","1","1","1","1","1","0","0","0","0","0","0","0","0","0","0","0","0","1","1","0","0","1","1"
"216816.182","1","1","1","1","0","1","1","1","1","1","1","1","1","1","0","1","1","0","1","1","0","1","1","1","1","1","1","0","0","0","1","1","1","0","0","0","0","0","0","1","1","1","1","1","1","1","0","0","0","0","0","0","0","0","0","0","0","0","1","1","0","0","1","1"
"1679.45","1","1","1","1","0","1","1","1","1","1","1","1","1","1","0","0","0","0","0","0","0","0","0","0","0","0","1","0","0","0","1","1","1","1","1","1","1","0","1","1","1","1","1","1","1","1","0","0","0","0","0","0","0","0","0","0","0","0","1","1","0","0","0","1"
"216816.228","1","1","1","1","0","1","1","1","1","1","1","1","1","1","0","1","1","0","1","1","0","1","1","1","1","1","1","0","0","0","1","1","1","1","1","0","0","1","0","1","1","1","1","1","1","1","0","0","0","0","0","0","0","0","0","0","0","0","1","1","0","0","1","1"
"1322347.4","1","1","1","1","0","1","1","1","1","1","1","1","1","1","0","0","0","0","0","0","0","0","0","0","0","0","1","0","0","0","1","1","1","1","1","0","0","1","0","1","1","1","1","1","1","1","1","1","0","0","0","0","0","0","0","0","0","0","1","1","0","0","0","1"
"1457186.3","1","1","1","1","0","1","1","1","1","1","1","1","1","1","0","1","1","0","1","1","0","1","1","1","1","1","1","0","0","0","1","1","1","1","0","0","0","0","0","1","1","1","1","1","1","1","0","1","0","0","0","0","0","0","0","0","0","0","1","1","0","0","1","1"
"1457185.3","1","1","1","1","0","1","1","1","1","1","1","1","1","1","0","0","0","0","0","0","0","0","0","0","0","0","1","0","0","0","1","1","1","1","0","0","0","0","0","1","1","1","1","1","1","1","0","0","0","0","0","0","0","0","0","0","0","0","1","1","0","0","0","1"
"722911.3","1","1","1","1","0","1","1","1","1","1","1","1","1","1","0","1","1","0","1","1","0","1","1","1","1","1","1","0","0","0","1","1","1","1","0","0","0","0","0","1","1","1","1","1","1","1","0","1","0","0","0","0","0","0","0","0","0","0","1","1","0","0","1","1"
"1300227.3","1","1","1","1","0","1","1","1","1","1","1","1","1","1","0","0","0","0","0","0","0","0","0","0","0","0","1","0","0","0","1","1","1","1","0","0","0","0","0","1","1","1","1","1","1","1","0","0","0","0","0","0","0","0","0","0","0","0","1","1","0","0","0","1"
"216816.324","1","1","1","1","0","1","1","1","1","1","1","1","1","1","0","0","0","0","0","0","0","0","0","0","0","0","1","0","0","0","1","1","1","1","1","1","1","1","0","1","1","1","1","1","1","1","0","1","0","0","0","0","0","0","0","0","0","0","1","1","0","0","0","1"
"216816.147","1","1","1","1","0","1","1","1","1","1","1","1","1","1","0","0","0","0","0","0","0","0","0","0","0","0","1","0","0","0","1","1","1","0","0","0","0","0","0","1","1","1","1","1","1","1","0","0","0","0","0","0","0","0","0","0","0","0","1","1","0","0","0","1"
"565042.3","1","1","1","1","0","1","1","1","1","1","1","1","1","1","0","0","0","0","0","0","0","0","0","0","0","0","1","0","0","0","1","1","1","1","1","1","1","1","0","1","1","1","1","1","1","1","1","1","0","0","0","0","0","0","0","0","0","0","1","1","0","0","0","1"
"1035817.4","1","1","1","1","0","1","1","1","1","1","1","1","1","1","0","0","0","0","0","0","0","0","0","0","0","0","1","0","0","0","1","1","1","1","0","0","0","0","0","1","1","1","1","1","1","1","0","0","0","0","0","0","0","0","0","0","0","0","1","1","0","0","0","1"
"1679.14","1","1","1","1","0","1","1","1","1","1","1","1","1","1","0","0","0","0","0","0","0","0","0","0","0","0","1","0","0","0","1","1","1","1","1","1","1","1","0","1","1","1","1","1","1","1","0","1","0","0","0","0","0","0","0","0","0","0","0","0","0","0","0","0"
"1679.20","1","1","1","1","0","1","1","1","1","1","1","1","1","1","0","0","0","0","0","0","0","0","0","0","0","0","1","0","0","0","1","1","1","1","1","1","1","1","0","1","1","1","1","1","1","1","0","1","0","0","0","0","0","0","0","0","0","0","1","1","0","0","0","1"
"1679.22","1","1","1","1","0","1","1","1","1","1","1","1","1","1","0","1","1","0","1","1","0","1","1","1","1","1","1","0","0","0","1","1","1","1","0","0","0","0","0","1","1","1","1","1","1","1","0","0","0","0","0","0","0","0","0","0","0","0","1","1","0","0","1","1"
"1679.23","1","1","1","1","0","1","1","1","1","1","1","1","1","1","0","1","1","0","1","1","0","1","1","1","1","1","1","0","0","0","1","1","1","1","1","1","1","1","0","1","1","1","1","1","1","1","0","0","0","0","0","0","0","0","0","0","0","0","1","1","0","0","1","1"
"1679.24","1","1","1","1","0","1","1","1","1","1","1","1","1","1","0","0","0","0","0","0","0","0","0","0","0","0","1","0","0","0","1","1","1","1","0","0","0","0","0","1","1","1","1","1","1","1","0","0","0","0","0","0","0","0","0","0","0","0","1","1","0","0","0","1"
"1679.13","1","1","1","1","0","1","1","1","1","1","1","1","1","1","0","1","1","0","1","1","0","1","1","1","1","1","1","0","0","0","1","1","1","1","1","1","1","1","0","1","1","1","1","1","1","1","0","0","0","0","0","0","0","0","0","0","0","0","1","1","0","0","1","1"
"1350472.4","1","1","1","1","0","1","1","1","1","1","1","1","1","1","0","0","0","0","0","0","0","0","0","0","0","0","1","0","0","0","1","1","1","1","0","0","0","0","0","1","1","1","1","1","1","1","0","0","0","0","0","0","0","0","0","0","0","0","0","1","0","0","0","1"
"206672.9","1","1","1","1","0","1","1","1","1","1","1","1","1","1","0","1","1","0","1","1","0","1","1","1","1","1","1","0","0","0","1","1","1","1","0","0","0","0","0","1","1","1","1","1","1","1","0","0","0","0","0","0","0","0","0","0","0","0","1","1","0","0","1","1"
"1679.9","1","1","1","1","0","1","1","1","1","1","1","1","1","1","0","1","1","0","1","1","0","1","1","1","1","1","1","0","0","0","1","1","1","1","0","0","0","0","0","1","1","1","1","1","1","1","0","0","0","0","0","0","0","0","0","0","0","0","1","1","0","0","1","1"
"216816.276","1","1","1","1","0","1","1","1","1","1","1","1","1","1","0","0","0","0","0","0","0","0","0","0","0","0","1","0","0","0","1","1","1","1","1","1","1","1","0","1","1","1","1","1","1","1","0","1","0","0","0","0","0","0","0","0","0","0","1","1","0","0","0","1"
"216816.272","1","1","1","1","0","1","1","1","1","1","1","1","1","1","0","0","0","0","0","0","0","0","0","0","0","0","1","0","0","0","1","1","1","1","1","1","1","1","0","0","0","0","0","0","0","0","0","1","0","0","0","0","0","0","0","0","0","0","1","1","0","0","0","1"
"1679.217","1","1","1","1","0","1","1","1","1","1","1","1","1","1","0","1","1","0","1","1","0","1","1","1","1","1","1","0","0","0","1","1","1","1","1","1","1","1","0","1","1","1","1","1","1","1","0","1","0","0","0","0","0","0","0","0","0","0","1","1","0","0","1","1"
"216816.271","1","1","1","1","0","1","1","1","1","1","1","1","1","1","0","0","0","0","0","0","0","0","0","0","0","0","1","0","0","0","1","1","1","1","1","1","1","1","0","0","0","0","0","0","0","0","0","0","0","0","0","0","0","0","0","0","0","0","1","1","0","0","0","1"
"216816.273","1","1","1","1","0","1","1","1","1","1","1","1","1","1","0","0","0","0","0","0","0","0","0","0","0","0","1","0","0","0","1","1","1","1","1","0","0","1","0","0","0","0","0","0","0","0","0","1","0","0","0","0","0","0","0","0","0","0","1","1","0","0","0","1"
"216816.267","1","1","1","1","0","1","1","1","1","1","1","1","1","1","0","0","0","0","0","0","0","0","0","0","0","0","1","0","0","0","1","1","1","1","1","1","1","1","0","0","0","0","0","0","0","0","0","1","0","0","0","0","0","0","0","0","0","0","1","1","0","0","0","1"
"216816.265","1","1","1","1","0","1","1","1","1","1","1","1","1","1","0","0","0","0","0","0","0","0","0","0","0","0","1","0","0","0","1","1","1","1","1","1","1","1","0","0","0","0","0","0","0","0","0","1","0","0","0","0","0","0","0","0","0","0","1","1","0","0","0","1"
"216816.269","1","1","1","1","0","1","1","1","1","1","1","1","1","1","0","0","0","0","0","0","0","0","0","0","0","0","1","0","0","0","1","1","1","1","1","1","1","1","0","1","1","1","1","1","1","1","0","1","0","0","0","0","0","0","0","0","0","0","1","1","0","0","0","1"
"216816.268","1","1","1","1","0","1","1","1","1","1","1","1","1","1","0","0","0","0","0","0","0","0","0","0","0","0","1","0","0","0","1","1","1","1","1","1","1","1","0","1","1","1","1","1","1","1","0","1","0","0","0","0","0","0","0","0","0","0","1","1","0","0","0","1"
"216816.264","1","1","1","1","0","1","1","1","1","1","1","1","1","1","0","0","0","0","0","0","0","0","0","0","0","0","1","0","0","0","1","1","1","1","0","0","0","0","0","1","1","1","1","1","1","1","0","1","0","0","0","0","0","0","0","0","0","0","1","1","0","0","0","1"
"216816.263","1","1","1","1","0","1","0","0","0","0","1","1","1","1","0","1","1","0","1","1","0","1","1","1","1","1","1","0","0","0","1","1","1","1","1","1","1","1","0","1","1","1","1","1","1","1","0","0","0","0","0","1","1","1","1","1","1","1","1","1","0","0","1","1"
"216816.292","1","1","1","1","0","1","0","0","0","0","1","1","1","1","0","0","0","0","0","0","0","0","0","0","0","0","1","0","0","0","1","1","1","1","1","1","1","1","0","1","1","1","1","1","1","1","0","0","0","0","0","1","1","1","1","1","1","1","1","1","0","0","0","1"
"216816.291","1","1","1","1","0","1","1","1","1","1","1","1","1","1","0","0","0","0","0","0","0","0","0","0","0","0","1","0","0","0","1","1","1","1","0","0","0","0","0","0","0","0","0","0","0","0","0","0","0","0","0","0","0","0","0","0","0","0","1","1","0","0","0","1"
"216816.290","1","1","1","1","0","1","1","1","1","1","1","1","1","1","0","1","1","0","1","1","0","1","1","1","1","1","1","0","0","0","1","1","1","1","1","1","1","1","0","1","1","1","1","1","1","1","0","1","0","0","0","0","0","0","0","0","0","0","1","1","0","0","1","1"
"216816.222","1","1","1","1","0","1","1","1","1","1","1","1","1","1","0","1","1","0","1","1","0","1","1","1","1","1","1","0","0","0","1","1","1","1","0","0","0","0","0","1","1","1","1","1","1","1","0","0","0","0","0","0","0","0","0","0","0","0","1","1","0","0","1","1"
"1679.55","1","1","1","1","0","1","1","1","1","1","1","1","1","1","0","1","1","0","1","1","0","1","1","1","1","1","1","0","0","0","1","1","1","1","1","1","1","1","0","1","1","1","1","1","1","1","0","1","0","0","0","0","0","0","0","0","0","0","1","1","0","0","1","1"
"1679.7","1","1","1","1","0","1","1","1","1","1","1","1","1","1","0","0","0","0","0","0","0","0","0","0","0","0","1","0","0","0","1","1","1","1","1","1","1","1","0","1","1","1","1","1","1","1","0","0","0","0","0","0","0","0","0","0","0","0","1","1","0","0","0","1"
"1679.31","1","1","1","1","0","1","1","1","1","1","1","1","1","1","0","1","1","0","1","1","0","1","1","1","1","1","1","0","0","0","1","1","1","1","1","1","1","1","0","1","1","1","1","1","1","1","0","1","0","0","0","0","0","0","0","0","0","0","1","1","0","0","1","1"
"216816.144","0","1","1","1","0","1","0","0","0","0","0","0","0","0","0","0","0","0","0","0","0","0","0","0","0","0","0","0","0","0","0","0","1","0","0","0","0","0","0","1","1","1","1","1","1","1","0","0","0","0","0","0","0","0","0","0","0","0","0","1","0","0","0","1"
"216816.262","0","1","1","1","0","1","0","0","0","0","0","0","0","0","0","0","0","0","0","0","0","0","0","0","0","0","0","0","0","0","0","0","1","0","0","0","0","0","0","0","1","1","0","0","0","1","0","0","0","0","0","0","0","0","0","0","0","0","1","1","0","0","0","1"
"216816.1981","0","1","1","1","0","1","0","0","0","0","0","0","0","0","0","0","0","0","0","0","0","0","0","0","0","0","0","0","0","0","0","0","1","0","0","0","0","0","0","0","1","1","0","0","0","1","0","0","0","0","0","0","0","0","0","0","0","0","1","1","0","0","0","1"
"216816.186","1","1","1","1","0","1","1","1","1","1","0","0","0","0","0","0","0","0","0","0","0","0","0","0","0","0","0","0","0","0","0","1","1","0","0","0","0","0","0","1","1","1","1","1","1","1","0","0","0","0","0","0","0","0","0","0","0","0","0","0","0","0","0","0"
"1695.38","0","0","0","0","0","1","0","0","0","0","0","0","0","0","0","0","0","0","0","0","0","0","0","0","0","0","0","0","0","0","0","0","1","0","0","0","0","0","0","0","0","0","0","0","0","0","0","0","0","0","0","0","0","0","0","0","0","0","0","0","0","0","0","0"
"216816.1989","1","1","1","1","0","1","1","1","1","1","1","1","1","1","0","0","0","0","0","0","0","0","0","0","0","0","1","1","1","1","1","1","1","1","0","0","0","0","0","1","1","1","1","1","1","1","0","0","0","0","0","0","0","0","0","0","0","0","0","0","0","0","0","0"
"1682.76","1","1","1","1","0","1","1","1","1","1","1","1","1","1","0","0","0","0","0","0","0","0","0","0","0","0","1","1","1","1","1","1","1","1","1","1","0","0","0","0","0","0","0","0","0","0","0","0","0","0","0","0","0","0","0","0","0","0","0","0","0","0","0","0"
"216816.378","1","1","1","1","0","1","1","1","1","1","1","1","1","1","0","0","0","0","0","0","0","0","0","0","0","0","0","0","0","0","0","0","1","0","0","0","0","0","0","0","0","0","0","0","0","0","0","0","0","0","0","0","0","0","0","0","0","0","0","0","0","0","0","0"
"759350.3","1","1","1","1","0","1","1","1","1","1","1","1","1","1","0","0","0","0","0","0","0","0","0","0","0","0","1","0","0","0","1","1","1","1","0","0","0","0","0","0","0","0","0","0","0","0","0","0","0","0","0","0","0","0","0","0","0","0","1","1","0","1","1","1"
"28026.752","1","1","1","1","0","1","0","0","0","0","1","1","1","1","0","1","1","0","1","1","1","0","1","1","1","1","0","0","0","0","0","1","0","1","1","0","0","1","0","1","1","1","1","1","1","1","0","0","0","0","0","0","0","0","0","0","0","0","0","0","1","0","1","1"
"28026.188","1","1","1","1","0","1","0","0","0","0","1","1","1","1","0","1","1","0","1","1","1","0","1","1","1","1","0","0","0","0","0","1","0","0","0","0","0","0","0","1","1","1","1","1","1","1","0","0","0","0","0","1","1","1","1","1","1","1","1","0","1","0","1","1"
"28026.102","1","1","1","1","0","1","0","0","0","0","1","1","1","1","0","1","1","0","1","1","1","0","1","1","1","1","0","0","0","0","0","1","0","1","1","0","0","1","0","1","1","1","1","1","1","1","0","0","0","0","0","1","1","1","1","1","1","1","1","0","1","0","1","1"
"28026.153","0","1","1","1","0","1","0","0","0","0","0","0","0","0","0","1","1","0","1","1","1","0","1","1","1","1","0","0","0","0","0","1","0","0","0","0","0","0","0","1","1","1","1","1","1","1","0","0","0","0","0","0","0","0","0","0","0","0","1","0","1","0","1","1"
"28026.142","0","1","1","1","0","1","0","0","0","0","0","0","0","0","0","1","1","0","1","1","1","0","1","1","1","1","0","0","0","0","0","1","0","0","0","0","0","0","0","1","1","1","1","1","1","1","0","0","0","0","0","0","0","0","0","0","0","0","0","0","1","0","1","1"
"28026.167","1","1","1","1","0","1","0","0","0","0","1","1","1","1","0","1","1","0","1","1","1","0","1","1","1","1","0","0","0","0","0","1","0","0","0","0","0","0","0","1","1","1","1","1","1","1","0","0","0","0","0","0","0","0","0","0","0","0","1","0","1","0","1","1"
"28026.157","0","1","1","1","0","1","0","0","0","0","0","0","0","0","0","1","1","0","1","1","1","0","1","1","1","1","0","0","0","0","0","1","0","0","0","0","0","0","0","1","1","1","1","1","1","1","0","0","0","0","0","0","0","0","0","0","0","0","1","0","1","0","1","1"
"28026.840","1","1","1","1","0","1","1","1","1","1","0","0","0","0","0","1","1","0","1","1","1","0","1","1","1","1","0","0","0","0","0","0","0","0","0","0","0","0","0","1","1","1","1","1","1","1","0","0","0","0","0","0","0","0","0","0","0","0","1","0","1","0","1","1"
"28026.753","1","1","1","1","0","1","0","0","0","0","1","1","1","1","0","1","1","1","1","1","0","0","1","1","1","1","0","0","0","0","0","1","0","0","0","0","0","0","0","1","1","1","1","1","1","1","0","0","0","0","0","0","0","0","0","0","0","0","1","0","1","0","1","1"
"28026.27","0","1","1","1","0","1","0","0","0","0","0","0","0","0","0","1","1","0","1","1","1","0","1","1","1","1","0","0","0","0","0","1","0","0","0","0","0","0","0","1","1","1","1","1","1","1","0","0","0","0","0","0","0","0","0","0","0","0","1","0","1","0","1","1"
"28026.28","1","1","1","1","0","1","0","0","0","0","1","1","1","1","0","1","1","0","1","1","1","0","1","1","1","1","0","0","0","0","0","0","0","0","0","0","0","0","0","1","1","1","1","1","1","1","0","0","0","0","0","0","0","0","0","0","0","0","0","0","1","0","1","1"
"28026.29","1","1","1","1","0","1","0","0","0","0","1","1","1","1","0","1","1","1","1","1","0","0","1","1","1","1","0","0","0","0","0","1","0","0","0","0","0","0","0","1","1","1","1","1","1","1","0","0","0","0","0","0","0","0","0","0","0","0","0","0","1","0","1","1"
"28026.30","1","1","1","1","0","1","0","0","0","0","1","1","1","1","0","1","1","1","1","1","1","0","1","1","1","1","0","0","0","0","0","1","0","0","0","0","0","0","0","1","1","1","1","1","1","1","0","0","0","0","0","0","0","0","0","0","0","0","0","0","1","0","1","1"
"28026.31","0","1","1","1","0","1","0","0","0","0","0","0","0","0","0","1","1","1","1","1","0","0","1","1","1","1","0","0","0","0","0","1","0","0","0","0","0","0","0","1","1","0","1","1","1","1","0","0","0","0","0","0","0","0","0","0","0","0","0","0","1","0","1","1"
"28026.32","1","1","1","1","0","1","0","0","0","0","1","1","1","1","0","1","1","0","1","1","1","0","1","1","1","1","0","0","0","0","0","1","0","0","0","0","0","0","0","1","1","1","1","1","1","1","0","0","0","0","0","0","0","0","0","0","0","0","0","0","1","0","1","1"
"28026.5","1","1","1","1","0","1","0","0","0","0","1","1","1","1","0","1","1","0","1","1","1","0","1","1","1","1","0","0","0","0","0","1","0","0","0","0","0","0","0","1","1","1","1","1","1","1","0","0","0","0","0","0","0","0","0","0","0","0","0","0","1","0","1","1"
"547043.16","1","1","1","1","0","1","0","0","0","0","1","1","1","1","0","1","1","0","1","1","1","0","1","1","1","1","0","0","0","0","0","1","0","1","1","0","0","1","0","1","1","1","1","1","1","1","0","0","0","0","0","0","0","0","0","0","0","0","0","0","1","0","1","1"
"1454376.3","1","1","1","1","0","1","0","0","0","0","1","1","1","1","0","1","1","1","1","1","0","0","1","1","1","1","0","0","0","0","0","0","0","1","1","0","0","1","0","1","1","1","1","1","1","1","0","0","0","0","0","0","0","0","0","0","0","0","0","0","1","0","1","1"
"28026.1002","0","1","1","1","0","1","0","0","0","0","0","0","0","0","0","1","1","0","1","1","1","0","1","1","1","1","0","0","0","0","0","0","0","1","1","0","0","1","0","1","1","1","1","1","1","1","0","0","0","0","0","0","0","0","0","0","0","0","0","0","1","0","1","1"
"28026.767","1","1","1","1","0","1","0","0","0","0","1","1","1","1","0","1","1","0","1","1","1","0","1","1","1","1","0","0","0","0","0","1","0","0","0","0","0","0","0","1","1","1","1","1","1","1","0","0","0","0","0","0","0","0","0","0","0","0","0","0","1","0","1","1"
"6666666.205261","1","1","1","1","0","1","0","0","0","0","1","1","1","1","0","1","1","1","1","1","0","0","1","1","0","1","0","0","0","0","0","1","0","0","0","0","0","0","0","1","1","1","1","1","1","1","0","0","0","0","0","0","0","0","0","0","0","0","0","0","1","0","1","1"
"28026.137","1","1","1","1","0","1","1","1","1","1","0","0","0","0","0","1","1","0","1","1","1","0","1","1","1","1","0","0","0","0","0","0","0","0","0","0","0","0","0","1","1","1","1","1","1","1","0","0","0","0","0","0","0","0","0","0","0","0","1","0","1","0","1","1"
"28026.128","1","1","1","1","0","1","0","0","0","0","1","1","1","1","0","1","1","0","1","1","1","0","1","1","1","1","0","0","0","0","0","1","0","1","1","0","0","1","0","1","1","1","1","1","1","1","0","0","0","0","0","0","0","0","0","0","0","0","1","0","1","0","1","1"
"216816.113","1","1","1","1","1","1","1","1","1","1","1","1","1","1","0","1","1","0","1","1","0","0","1","1","1","1","1","1","1","1","1","0","1","0","0","0","0","0","0","1","0","0","1","1","1","1","0","0","0","0","0","0","0","0","0","0","0","0","0","1","1","0","1","0"
"1150461.5","1","1","1","1","1","1","1","1","1","1","1","1","1","1","0","1","1","1","1","1","0","0","1","1","1","1","1","1","1","1","1","1","1","0","0","0","0","0","0","1","0","0","1","1","1","1","0","0","0","0","0","0","0","0","0","0","0","0","1","1","1","1","1","1"
"1254439.12","0","0","0","0","0","1","0","0","0","0","0","0","0","0","0","0","0","0","0","0","0","0","0","0","0","0","0","0","0","0","0","0","1","0","0","0","0","0","0","0","0","0","0","0","0","0","0","0","0","0","0","0","0","0","0","0","0","0","0","0","0","0","0","0"
"mock1","0","0","0","1","0","1","0","0","0","0","0","0","0","0","0","0","0","0","0","0","0","0","0","0","0","0","0","0","0","0","0","0","0","0","1","1","1","0","0","0","0","0","0","0","0","0","0","0","0","0","0","0","0","0","0","0","0","0","0","0","0","0","0","0"
"mock2","0","1","1","1","0","1","0","0","0","0","0","0","0","0","0","0","0","0","0","0","0","0","0","0","0","0","1","0","0","0","1","0","0","0","0","0","0","0","0","0","0","0","0","0","0","0","0","0","1","1","1","0","0","0","0","0","0","0","0","0","0","0","0","0"
"mock3","0","1","1","1","0","1","0","0","0","0","0","0","0","0","0","0","0","0","0","0","0","0","0","0","0","0","1","0","0","0","1","0","0","0","0","0","0","0","0","0","0","0","0","0","0","0","0","0","1","1","1","0","0","0","0","0","0","0","0","0","0","0","0","0"
"mock4","1","1","1","1","0","1","1","1","1","1","0","0","0","0","0","0","0","0","0","0","0","0","0","0","0","0","1","0","0","0","0","0","0","0","0","0","0","0","0","0","0","0","0","0","0","0","0","0","1","1","1","0","1","0","1","1","1","1","0","0","0","0","0","0"
"mock5","1","1","1","1","0","1","1","1","1","1","0","0","0","0","0","1","1","0","1","1","1","0","1","1","1","1","1","0","0","0","0","0","0","0","0","0","0","0","0","0","0","0","0","0","0","0","0","0","1","1","1","0","0","0","0","0","0","0","0","0","0","0","0","0"
"mock6","1","1","1","1","0","1","1","1","1","1","0","0","0","0","0","1","1","1","1","0","0","0","1","1","1","1","0","0","0","0","0","0","0","0","0","0","0","0","0","1","0","0","1","1","1","1","0","0","0","0","0","0","0","0","0","0","0","0","0","0","0","0","0","0"
"mock7","0","1","1","1","0","1","0","0","0","0","0","0","0","0","0","1","1","1","0","0","0","0","1","1","1","1","0","0","0","0","0","0","0","0","0","0","0","0","0","0","0","0","0","0","0","0","0","0","0","0","0","1","1","1","1","1","1","1","0","0","0","0","0","0"
"mock8","0","1","1","1","0","1","0","0","0","0","0","0","0","0","0","0","0","0","0","0","0","0","0","0","0","0","1","0","0","0","1","0","0","0","0","0","0","0","0","0","0","0","0","0","0","0","0","0","1","1","1","0","0","0","0","0","0","0","0","0","0","0","0","0"
"mock9","0","1","1","1","0","1","0","0","0","0","0","0","0","0","0","0","0","0","0","0","0","0","0","0","0","0","1","0","0","0","1","0","0","0","0","0","0","0","0","0","0","0","0","0","0","0","0","0","1","1","1","0","0","0","0","0","0","0","0","0","0","0","0","0"
"mock10","0","0","0","1","0","1","0","0","0","0","0","0","0","0","0","1","1","0","1","1","0","1","1","1","1","1","1","0","0","0","1","0","0","0","0","0","0","0","0","0","0","0","0","0","0","0","0","0","0","0","0","0","0","0","0","0","0","0","0","0","0","0","0","0"
"mock11","0","0","0","1","0","1","0","0","0","0","0","0","0","0","0","1","1","0","1","1","0","1","1","1","1","1","0","0","0","0","0","0","0","0","0","0","0","0","0","0","0","0","0","0","0","0","0","0","0","0","0","0","0","0","0","0","0","0","0","0","0","0","0","0"
"mock12","0","0","0","1","0","1","0","0","0","0","0","0","0","0","0","1","1","0","1","1","0","1","1","1","1","1","1","0","0","0","1","0","0","0","0","0","0","0","0","0","0","0","0","0","0","0","0","0","0","0","0","0","0","0","0","0","0","0","0","0","0","0","0","0"
"mock13","0","0","0","1","0","1","0","0","0","0","0","0","0","0","0","1","1","0","1","1","0","1","1","1","1","1","0","0","0","0","0","0","0","0","0","0","0","0","0","0","0","0","0","0","0","0","0","0","0","0","0","0","0","0","0","0","0","0","0","0","0","0","0","0"
"mock14","1","1","1","1","1","1","0","0","0","0","0","0","0","0","0","1","1","1","0","0","0","0","1","1","1","1","0","0","0","0","0","0","0","0","0","0","0","0","0","0","0","0","0","0","0","0","0","0","0","0","0","0","0","0","0","0","0","0","0","0","0","0","0","0"
"mock15","1","1","1","1","1","1","0","0","0","0","0","0","0","0","0","1","1","1","0","0","0","0","1","1","1","1","0","0","0","0","0","0","0","0","0","0","0","0","0","0","0","0","0","0","0","0","0","0","0","0","0","0","0","0","0","0","0","0","0","0","0","0","0","0"
"mock16","0","1","1","1","0","1","0","0","0","0","0","0","0","0","0","0","0","0","0","0","0","0","0","0","0","0","1","0","0","0","1","0","0","0","0","0","0","0","0","0","0","0","0","0","0","0","0","0","1","1","1","0","0","0","0","0","0","0","0","0","0","0","0","0"
"mock17","0","1","1","1","0","1","0","0","0","0","0","0","0","0","0","0","0","0","0","0","0","0","0","0","0","0","1","0","0","0","1","0","0","0","0","0","0","0","0","0","0","0","0","0","0","0","0","0","1","1","1","0","0","0","0","0","0","0","0","0","0","0","0","0"
"mock18","0","1","1","1","0","1","0","0","0","0","0","0","0","0","0","0","0","0","0","0","0","0","0","0","0","0","1","0","0","0","1","0","0","0","0","0","0","0","0","0","0","0","0","0","0","0","0","0","1","1","1","0","0","0","0","0","0","0","0","0","0","0","0","0"
"mock19","1","1","1","1","0","1","1","1","1","1","0","0","0","0","0","1","1","0","1","1","1","0","1","1","1","1","1","0","0","0","0","0","0","0","0","0","0","0","0","0","0","0","0","0","0","0","0","0","1","1","1","0","0","0","0","0","0","0","0","0","0","0","0","0"
"mock20","1","1","1","1","0","1","1","1","1","1","0","0","0","0","0","1","1","0","1","1","1","0","1","1","1","1","0","0","0","0","0","0","0","1","1","0","0","1","0","1","1","1","1","1","1","1","0","0","0","0","0","0","0","0","0","0","0","0","0","0","0","0","0","0"
"mock21","1","0","1","1","0","1","1","1","1","1","1","1","1","1","0","0","0","0","0","0","0","0","0","0","0","0","1","0","0","0","1","1","1","1","0","1","1","1","1","1","1","1","1","1","1","1","1","0","0","0","0","0","0","0","0","0","0","0","0","0","0","0","0","0"
"mock22","1","0","1","1","0","1","1","1","1","1","1","1","1","1","0","0","0","0","0","0","0","0","0","0","0","0","1","0","0","0","1","1","1","1","0","1","1","1","1","1","1","1","1","1","1","1","1","0","0","0","0","0","0","0","0","0","0","0","0","0","0","0","0","0"
"mock23","1","1","1","1","0","1","1","1","1","1","1","1","1","1","0","0","0","0","0","0","0","0","0","0","0","0","0","0","0","0","0","1","1","0","0","1","1","1","0","1","1","1","1","1","1","1","0","0","0","0","0","0","0","0","0","0","0","0","0","0","0","0","0","0"
"mock24","1","1","1","1","0","1","1","1","1","1","1","1","1","1","0","0","0","0","0","0","0","0","0","0","0","0","1","0","0","0","1","1","1","1","0","1","1","1","1","1","1","1","1","1","1","1","0","1","0","0","0","0","0","0","0","0","0","0","0","0","0","0","0","0"
"mock25","1","1","1","1","0","1","1","1","1","1","1","1","1","1","0","0","0","0","0","0","0","0","0","0","0","0","0","0","0","0","1","0","1","1","1","1","1","1","0","1","1","1","1","1","1","1","0","1","0","0","0","0","0","0","0","0","0","0","0","0","0","0","0","0"
"mock26","1","1","1","1","0","1","1","1","1","1","1","1","1","1","0","0","0","0","0","0","0","0","0","0","0","0","1","0","0","0","1","0","1","1","1","0","0","1","0","1","1","1","1","1","1","1","0","0","0","0","0","0","0","0","0","0","0","0","0","0","0","0","0","0"
"mock27","1","1","1","1","0","1","1","0","1","1","1","1","1","1","0","1","1","0","1","1","0","1","1","1","1","1","1","0","0","0","1","1","1","1","0","1","1","1","0","1","1","1","1","1","1","1","0","0","0","0","0","0","0","0","0","0","0","0","0","0","0","0","0","0"
"mock28","0","1","1","1","0","1","0","0","0","0","0","0","0","0","0","1","1","1","0","0","0","0","0","0","0","1","0","0","0","0","0","0","0","0","0","0","0","0","0","0","0","0","0","0","0","0","0","0","0","0","0","0","0","0","0","0","0","0","0","0","0","0","0","0"
"mock29","1","1","1","1","0","1","0","0","0","0","1","1","1","1","0","1","0","1","1","1","0","0","0","0","0","1","1","0","0","0","0","0","0","0","0","0","0","0","0","0","0","0","0","0","0","0","0","0","0","0","0","0","0","0","0","0","0","0","0","0","0","0","0","0"
"mock30","1","1","1","1","1","1","0","0","0","0","0","0","0","0","0","1","1","1","0","0","0","0","1","1","1","1","0","0","0","0","0","0","0","0","0","0","0","0","0","0","0","0","0","0","0","0","0","0","0","0","0","0","0","0","0","0","0","0","0","0","0","0","0","0"
"mock31","1","1","1","1","1","1","0","0","0","0","0","0","0","0","0","1","1","1","0","0","0","0","1","1","1","1","0","0","0","0","0","0","0","0","0","0","0","0","0","0","0","0","0","0","0","0","0","0","0","0","0","0","0","0","0","0","0","0","0","0","0","0","0","0"
"mock32","1","1","1","1","1","1","0","0","0","0","0","0","0","0","0","1","1","1","0","0","0","0","1","1","1","1","0","0","0","0","0","0","0","0","0","0","0","0","0","0","0","0","0","0","0","0","0","0","0","0","0","0","0","0","0","0","0","0","0","0","0","0","0","0"
"mock33","1","1","1","1","1","1","0","0","0","0","0","0","0","0","0","1","1","1","0","0","0","0","1","1","1","1","0","0","0","0","0","0","0","0","0","0","0","0","0","0","0","0","0","0","0","0","0","0","0","0","0","0","0","0","0","0","0","0","0","0","0","0","0","0"
"mock34","1","1","1","1","1","1","0","0","0","0","0","0","0","0","0","1","1","1","0","0","0","0","1","1","1","1","0","0","0","0","0","0","0","0","0","0","0","0","0","0","0","0","0","0","0","0","0","0","0","0","0","0","0","0","0","0","0","0","0","0","0","0","0","0"
"mock35","1","1","1","1","1","1","0","0","0","0","0","0","0","0","0","1","1","1","0","0","0","0","1","1","1","1","0","0","0","0","0","0","0","0","0","0","0","0","0","0","0","0","0","0","0","0","0","0","0","0","0","0","0","0","0","0","0","0","0","0","0","0","0","0"
"mock36","1","1","1","1","1","1","0","0","0","0","0","0","0","0","0","1","1","1","0","0","0","0","1","1","1","1","0","0","0","0","0","0","0","0","0","0","0","0","0","0","0","0","0","0","0","0","0","0","0","0","0","0","0","0","0","0","0","0","0","0","0","0","0","0"
"mock37","1","1","1","1","1","1","0","0","0","0","0","0","0","0","0","1","1","1","0","0","0","0","1","1","1","1","0","0","0","0","0","0","0","0","0","0","0","0","0","0","0","0","0","0","0","0","0","0","0","0","0","0","0","0","0","0","0","0","0","0","0","0","0","0"
"mock38","1","1","1","1","1","1","0","0","0","0","0","0","0","0","0","1","1","1","0","0","0","0","1","1","1","1","0","0","0","0","0","0","0","0","0","0","0","0","0","0","0","0","0","0","0","0","0","0","0","0","0","0","0","0","0","0","0","0","0","0","0","0","0","0"
"mock39","1","1","1","1","0","1","1","1","1","1","0","0","0","0","0","1","1","0","1","1","1","0","1","1","1","1","0","0","0","0","0","0","0","1","1","0","0","1","0","1","1","1","1","1","1","1","0","0","0","0","0","0","0","0","0","0","0","0","0","0","0","0","0","0"
"mock40","1","1","1","1","0","1","1","1","1","1","0","0","0","0","0","1","1","0","1","1","1","0","1","1","1","1","0","0","0","0","0","0","0","1","1","0","0","1","0","1","1","1","1","1","1","1","0","0","0","0","0","0","0","0","0","0","0","0","0","0","0","0","0","0"
"mock41","1","1","1","1","0","1","1","1","1","1","0","0","0","0","0","1","1","0","1","1","1","0","1","1","1","1","0","0","0","0","0","0","0","1","1","0","0","1","0","1","1","1","1","1","1","1","0","0","0","0","0","0","0","0","0","0","0","0","0","0","0","0","0","0"
"mock42","1","1","1","1","1","1","0","0","0","0","0","0","0","0","0","1","1","1","0","0","0","0","1","1","1","1","0","0","0","0","0","0","0","0","0","0","0","0","0","0","0","0","0","0","0","0","0","0","0","0","0","0","0","0","0","0","0","0","0","0","0","0","0","0"
"mock43","1","1","1","1","1","1","0","0","0","0","0","0","0","0","0","1","1","1","0","0","0","0","1","1","1","1","0","0","0","0","0","0","0","0","0","0","0","0","0","0","0","0","0","0","0","0","0","0","0","0","0","0","0","0","0","0","0","0","0","0","0","0","0","0"
"mock44","1","1","1","1","1","1","0","0","0","0","0","0","0","0","0","1","1","1","0","0","0","0","1","1","1","1","0","0","0","0","0","0","0","0","0","0","0","0","0","0","0","0","0","0","0","0","0","0","0","0","0","0","0","0","0","0","0","0","0","0","0","0","0","0"
"mock45","1","1","1","1","1","1","0","0","0","0","0","0","0","0","0","1","1","1","0","0","0","0","1","1","1","1","0","0","0","0","0","0","0","0","0","0","0","0","0","0","0","0","0","0","0","0","0","0","0","0","0","0","0","0","0","0","0","0","0","0","0","0","0","0"
"mock46","1","1","1","1","1","1","0","0","0","0","0","0","0","0","0","1","1","1","0","0","0","0","1","1","1","1","0","0","0","0","0","0","0","0","0","0","0","0","0","0","0","0","0","0","0","0","0","0","0","0","0","0","0","0","0","0","0","0","0","0","0","0","0","0"
"mock47","1","1","1","1","1","1","0","0","0","0","0","0","0","0","0","1","1","1","0","0","0","0","1","1","1","1","0","0","0","0","0","0","0","0","0","0","0","0","0","0","0","0","0","0","0","0","0","0","0","0","0","0","0","0","0","0","0","0","0","0","0","0","0","0"
"mock48","1","1","1","1","1","1","0","0","0","0","0","0","0","0","0","1","1","1","0","0","0","0","1","1","1","1","0","0","0","0","0","0","0","0","0","0","0","0","0","0","0","0","0","0","0","0","0","0","0","0","0","0","0","0","0","0","0","0","0","0","0","0","0","0"
"mock49","1","1","1","1","1","1","0","0","0","0","0","0","0","0","0","1","1","1","0","0","0","0","1","1","1","1","0","0","0","0","0","0","0","0","0","0","0","0","0","0","0","0","0","0","0","0","0","0","0","0","0","0","0","0","0","0","0","0","0","0","0","0","0","0"
"mock50","1","1","1","1","1","1","0","0","0","0","0","0","0","0","0","1","1","1","0","0","0","0","1","1","1","1","0","0","0","0","0","0","0","0","0","0","0","0","0","0","0","0","0","0","0","0","0","0","0","0","0","0","0","0","0","0","0","0","0","0","0","0","0","0"
"mock51","1","1","1","1","1","1","0","0","0","0","0","0","0","0","0","1","1","1","0","0","0","0","1","1","1","1","0","0","0","0","0","0","0","0","0","0","0","0","0","0","0","0","0","0","0","0","0","0","0","0","0","0","0","0","0","0","0","0","0","0","0","0","0","0"
"mock52","1","1","1","1","1","1","0","0","0","0","0","0","0","0","0","1","1","1","0","0","0","0","1","1","1","1","0","0","0","0","0","0","0","0","0","0","0","0","0","0","0","0","0","0","0","0","0","0","0","0","0","0","0","0","0","0","0","0","0","0","0","0","0","0"
"mock53","1","1","1","1","1","1","0","0","0","0","0","0","0","0","0","1","1","1","0","0","0","0","1","1","1","1","0","0","0","0","0","0","0","0","0","0","0","0","0","0","0","0","0","0","0","0","0","0","0","0","0","0","0","0","0","0","0","0","0","0","0","0","0","0"
"mock54","1","1","1","1","1","1","0","0","0","0","0","0","0","0","0","1","1","1","0","0","0","0","1","1","1","1","0","0","0","0","0","0","0","0","0","0","0","0","0","0","0","0","0","0","0","0","0","0","0","0","0","0","0","0","0","0","0","0","0","0","0","0","0","0"
"mock55","1","1","1","1","1","1","0","0","0","0","0","0","0","0","0","1","1","1","0","0","0","0","1","1","1","1","0","0","0","0","0","0","0","0","0","0","0","0","0","0","0","0","0","0","0","0","0","0","0","0","0","0","0","0","0","0","0","0","0","0","0","0","0","0"
"mock56","1","1","1","1","1","1","0","0","0","0","0","0","0","0","0","1","1","1","0","0","0","0","1","1","1","1","0","0","0","0","0","0","0","0","0","0","0","0","0","0","0","0","0","0","0","0","0","0","0","0","0","0","0","0","0","0","0","0","0","0","0","0","0","0"
"mock57","1","1","1","1","1","1","0","0","0","0","0","0","0","0","0","1","1","1","0","0","0","0","1","1","1","1","0","0","0","0","0","0","0","0","0","0","0","0","0","0","0","0","0","0","0","0","0","0","0","0","0","0","0","0","0","0","0","0","0","0","0","0","0","0"
"mock58","1","1","1","1","1","1","0","0","0","0","0","0","0","0","0","1","1","1","0","0","0","0","1","1","1","1","0","0","0","0","0","0","0","0","0","0","0","0","0","0","0","0","0","0","0","0","0","0","0","0","0","0","0","0","0","0","0","0","0","0","0","0","0","0"
"mock59","1","1","1","1","1","1","0","0","0","0","0","0","0","0","0","1","1","1","0","0","0","0","1","1","1","1","0","0","0","0","0","0","0","0","0","0","0","0","0","0","0","0","0","0","0","0","0","0","0","0","0","0","0","0","0","0","0","0","0","0","0","0","0","0"
"mock60","1","1","1","1","1","1","0","0","0","0","0","0","0","0","0","1","1","1","0","0","0","0","1","1","1","1","0","0","0","0","0","0","0","0","0","0","0","0","0","0","0","0","0","0","0","0","0","0","0","0","0","0","0","0","0","0","0","0","0","0","0","0","0","0"
"mock61","1","1","1","1","1","1","0","0","0","0","0","0","0","0","0","1","1","1","0","0","0","0","1","1","1","1","0","0","0","0","0","0","0","0","0","0","0","0","0","0","0","0","0","0","0","0","0","0","0","0","0","0","0","0","0","0","0","0","0","0","0","0","0","0"
"mock62","1","1","1","1","1","1","0","0","0","0","0","0","0","0","0","1","1","1","0","0","0","0","1","1","1","1","0","0","0","0","0","0","0","0","0","0","0","0","0","0","0","0","0","0","0","0","0","0","0","0","0","0","0","0","0","0","0","0","0","0","0","0","0","0"
"mock63","1","1","1","1","1","1","0","0","0","0","0","0","0","0","0","1","1","1","0","0","0","0","1","1","1","1","0","0","0","0","0","0","0","0","0","0","0","0","0","0","0","0","0","0","0","0","0","0","0","0","0","0","0","0","0","0","0","0","0","0","0","0","0","0"
"mock64","1","1","1","1","1","1","0","0","0","0","0","0","0","0","0","1","1","1","0","0","0","0","1","1","1","1","0","0","0","0","0","0","0","0","0","0","0","0","0","0","0","0","0","0","0","0","0","0","0","0","0","0","0","0","0","0","0","0","0","0","0","0","0","0"
"mock65","1","1","1","1","1","1","0","0","0","0","0","0","0","0","0","1","1","1","0","0","0","0","1","1","1","1","0","0","0","0","0","0","0","0","0","0","0","0","0","0","0","0","0","0","0","0","0","0","0","0","0","0","0","0","0","0","0","0","0","0","0","0","0","0"
"mock66","1","1","1","1","1","1","0","0","0","0","0","0","0","0","0","1","1","1","0","0","0","0","1","1","1","1","0","0","0","0","0","0","0","0","0","0","0","0","0","0","0","0","0","0","0","0","0","0","0","0","0","0","0","0","0","0","0","0","0","0","0","0","0","0"
"mock67","1","1","1","1","1","1","0","0","0","0","0","0","0","0","0","1","1","1","0","0","0","0","1","1","1","1","0","0","0","0","0","0","0","0","0","0","0","0","0","0","0","0","0","0","0","0","0","0","0","0","0","0","0","0","0","0","0","0","0","0","0","0","0","0"
"mock68","1","1","1","1","1","1","0","0","0","0","0","0","0","0","0","1","1","1","0","0","0","0","1","1","1","1","0","0","0","0","0","0","0","0","0","0","0","0","0","0","0","0","0","0","0","0","0","0","0","0","0","0","0","0","0","0","0","0","0","0","0","0","0","0"
"mock69","1","1","1","1","1","1","0","0","0","0","0","0","0","0","0","1","1","1","0","0","0","0","1","1","1","1","0","0","0","0","0","0","0","0","0","0","0","0","0","0","0","0","0","0","0","0","0","0","0","0","0","0","0","0","0","0","0","0","0","0","0","0","0","0"
"mock70","1","1","1","1","1","1","0","0","0","0","0","0","0","0","0","1","1","1","0","0","0","0","1","1","1","1","0","0","0","0","0","0","0","0","0","0","0","0","0","0","0","0","0","0","0","0","0","0","0","0","0","0","0","0","0","0","0","0","0","0","0","0","0","0"
"mock71","1","1","1","1","1","1","0","0","0","0","0","0","0","0","0","1","1","1","0","0","0","0","1","1","1","1","0","0","0","0","0","0","0","0","0","0","0","0","0","0","0","0","0","0","0","0","0","0","0","0","0","0","0","0","0","0","0","0","0","0","0","0","0","0"
"mock72","1","1","1","1","1","1","0","0","0","0","0","0","0","0","0","1","1","1","0","0","0","0","1","1","1","1","0","0","0","0","0","0","0","0","0","0","0","0","0","0","0","0","0","0","0","0","0","0","0","0","0","0","0","0","0","0","0","0","0","0","0","0","0","0"
"mock73","1","1","1","1","1","1","0","0","0","0","0","0","0","0","0","1","1","1","0","0","0","0","1","1","1","1","0","0","0","0","0","0","0","0","0","0","0","0","0","0","0","0","0","0","0","0","0","0","0","0","0","0","0","0","0","0","0","0","0","0","0","0","0","0"
"mock74","1","1","1","1","1","1","0","0","0","0","0","0","0","0","0","1","1","1","0","0","0","0","1","1","1","1","0","0","0","0","0","0","0","0","0","0","0","0","0","0","0","0","0","0","0","0","0","0","0","0","0","0","0","0","0","0","0","0","0","0","0","0","0","0"
"mock75","1","1","1","1","0","1","1","1","1","0","0","0","0","0","0","0","0","0","0","0","0","0","0","0","0","0","1","0","0","0","1","1","1","1","1","1","1","1","0","1","1","1","1","1","1","1","1","0","0","0","0","0","0","0","0","0","0","0","1","1","0","0","0","1"
"mock76","1","1","1","1","0","1","1","1","1","1","0","0","0","0","0","0","0","0","0","0","0","0","0","0","0","0","1","0","0","0","1","1","1","1","1","1","1","1","0","1","1","1","1","1","1","1","0","1","0","0","0","0","0","0","0","0","0","0","1","1","0","0","0","1"
"mock76","0","0","0","0","0","1","1","1","1","0","0","0","0","0","0","0","0","0","0","0","0","0","0","0","0","0","0","0","0","0","0","0","0","0","0","0","0","0","0","1","0","0","1","1","1","1","0","0","0","0","0","0","0","0","0","0","0","0","0","0","0","0","0","0"
