"id","Y","Agl13B","MalT","MalE2","MalF2","MalG2","MalR5","Agl13A","MalR6","MalE","MalF","MalG","MalR1","Agl13C","PulA","MalQ","MalE3","MalF3","MalG3","MalR3","MalQ2","GlgX","GlgX2","GlgB","GlgP","GlgE","Amy13A","Amy13B","Amy13C","Amy13D","ApuB","RSD1","RSD2","RSD3","MalK"
"1680.104",1,"1","0","1","0","0","1","1","0","1","1","1","1","0","1","1","0","0","0","1","1","1","1","1","1","1","0","1","0","1","1","0","0","0","1"
"1680.7",1,"1","0","1","0","0","1","1","1","1","1","1","1","1","1","1","1","1","1","1","1","1","1","1","1","1","0","1","0","1","1","1","1","1","1"
"1680.34",1,"1","0","1","0","0","1","1","0","1","1","1","1","1","1","1","1","1","1","1","1","1","1","1","1","1","0","1","0","1","1","1","0","1","1"
"1680.4",1,"1","0","0","0","0","1","1","0","1","1","1","1","1","1","1","1","1","1","1","1","1","1","1","1","1","0","1","0","0","1","1","1","1","1"
"1680.39",1,"1","0","0","0","0","1","1","0","1","1","1","1","1","1","1","1","1","1","1","1","1","1","1","1","1","0","1","0","0","1","1","0","1","1"
"1680.142",1,"1","0","1","0","0","1","1","0","1","1","1","1","1","1","1","1","1","1","1","1","1","1","1","1","1","0","1","0","0","1","0","1","1","1"
"1680.36",1,"1","0","0","0","0","1","1","0","1","1","1","1","1","1","1","1","1","1","1","1","1","1","1","1","1","0","1","0","1","1","0","0","0","1"
"1680.151",1,"1","0","1","0","0","1","1","0","1","1","1","1","1","1","1","1","1","1","1","1","1","1","1","1","1","0","1","0","0","1","1","1","0","1"
"1680.37",1,"1","0","1","0","0","1","1","0","1","1","1","1","1","1","1","1","1","1","1","1","1","1","1","1","1","0","1","0","1","1","0","0","0","1"
"1680.43",1,"1","0","1","0","0","1","1","1","1","1","1","1","1","1","1","1","1","1","1","1","1","1","1","1","1","0","1","0","0","1","0","0","0","1"
"1680.160",1,"1","0","0","0","0","1","1","0","1","1","1","1","1","1","1","1","1","1","1","1","1","1","1","1","1","0","1","0","0","1","1","1","1","1"
"1680.157",1,"1","0","1","0","0","1","1","1","1","1","1","1","1","1","1","1","1","1","1","1","1","1","1","1","1","0","1","0","0","1","1","1","0","1"
"367928.6",1,"1","0","1","0","0","1","1","0","1","1","1","1","0","1","1","0","0","0","1","1","1","1","1","1","1","0","1","0","0","1","0","0","0","1"
"1680.5",1,"1","0","0","0","0","1","1","0","1","1","1","1","1","1","1","1","1","1","1","1","1","1","1","1","1","0","1","0","0","1","1","1","1","1"
"1680.1827",1,"1","0","1","0","0","1","1","0","1","1","1","1","1","1","1","1","1","1","1","1","1","1","1","1","1","0","1","0","0","1","1","1","1","1"
"1437612.3",1,"1","0","1","0","0","1","1","1","1","1","1","1","1","1","1","1","1","1","1","1","1","1","1","1","1","0","1","0","0","1","0","0","0","1"
"1680.1826",1,"1","0","1","0","0","1","1","1","1","1","1","1","1","1","1","1","1","1","1","1","1","1","1","1","1","0","1","0","1","1","1","1","0","1"
"411481.5",1,"1","0","0","0","0","1","1","0","1","1","1","1","1","1","1","1","1","1","1","1","1","1","1","1","1","0","1","0","1","1","1","1","1","1"
"1680.178",1,"1","0","1","0","0","1","1","1","1","1","1","1","1","1","1","1","1","1","1","1","1","1","1","1","1","0","1","0","0","1","1","1","1","1"
"6666666.201645",1,"1","0","0","0","0","1","1","0","1","1","1","1","1","1","1","1","1","1","1","1","1","1","1","1","1","0","1","0","1","1","0","1","0","1"
"1680.143",1,"1","0","1","0","0","1","1","1","1","1","1","1","1","1","1","1","1","1","1","1","1","1","1","1","1","0","1","0","0","1","1","0","1","1"
"1680.1909",1,"1","0","0","0","0","1","1","0","1","1","1","1","1","1","1","1","1","1","1","1","1","1","1","1","1","0","1","0","1","1","1","1","1","1"
"518635.5",1,"1","0","1","0","0","1","0","1","1","1","1","1","0","1","1","0","0","0","0","1","1","1","1","1","1","0","0","0","0","1","1","0","1","1"
"1683.4",1,"1","0","1","0","0","1","0","1","1","1","1","1","1","1","1","1","1","1","0","1","1","1","1","1","1","0","0","0","0","1","1","0","1","1"
"1167629.6",0,"0","0","0","0","0","0","1","0","1","1","1","1","1","1","1","1","1","1","1","1","1","1","1","1","1","0","0","1","0","0","0","0","0","1"
"552531.3",0,"0","0","0","0","0","0","1","0","1","1","1","1","1","1","1","1","1","1","1","1","1","1","1","1","1","0","0","1","0","0","0","0","0","1"
"1042403.4",0,"0","0","0","0","0","0","1","0","1","1","1","1","1","1","1","1","1","1","1","1","1","1","1","1","1","0","0","1","0","0","0","0","0","1"
"555970.3",0,"0","0","0","0","0","0","1","0","1","1","1","1","1","1","1","1","1","1","1","1","1","1","1","1","1","0","0","1","0","0","0","0","0","1"
"1681.51",0,"1","0","0","0","0","0","0","0","0","0","0","0","0","0","0","0","0","0","1","1","1","1","1","1","1","1","0","0","0","0","0","0","0","1"
"1681.46",0,"1","0","0","0","0","0","0","0","0","0","0","0","0","0","0","0","0","0","1","1","1","1","1","1","1","1","0","0","0","0","0","0","0","1"
"1681.129",0,"1","0","0","0","0","0","0","0","0","0","0","0","0","0","0","0","0","0","1","1","1","1","1","1","1","1","0","0","0","0","0","0","0","1"
"500634.6",0,"1","0","0","0","0","0","0","0","0","0","0","0","0","0","0","0","0","0","1","1","1","1","1","1","1","1","0","0","0","0","0","0","0","1"
"1681.42",0,"1","0","0","0","0","0","0","0","0","0","0","0","0","0","0","0","0","0","1","1","1","1","1","1","1","1","0","0","0","0","0","0","0","1"
"1681.1372",0,"1","0","0","0","0","0","0","0","0","0","0","0","0","0","0","0","0","0","1","1","1","1","1","1","1","1","0","0","0","0","0","0","0","1"
"484020.3",0,"1","0","0","0","0","0","0","0","0","0","0","0","0","0","0","0","0","0","1","1","1","1","1","1","1","1","0","0","0","0","0","0","0","1"
"1681.806",0,"1","0","0","0","0","0","0","0","0","0","0","0","0","0","0","0","0","0","1","1","1","1","1","1","1","1","0","0","0","0","0","0","0","1"
"1681.763",0,"1","0","0","0","0","0","0","0","0","0","0","0","0","0","0","0","0","0","1","1","1","1","1","1","1","1","0","0","0","0","0","0","0","1"
"1681.762",0,"1","0","0","0","0","0","0","0","0","0","0","0","0","0","0","0","0","0","1","1","1","1","1","1","1","1","0","0","0","0","0","0","0","1"
"1681.44",0,"1","0","0","0","0","0","0","0","0","0","0","0","0","0","0","0","0","0","1","1","1","1","1","1","1","1","0","0","0","0","0","0","0","1"
"1681.47",0,"1","0","0","0","0","0","0","0","0","0","0","0","0","0","0","0","0","0","1","1","1","1","1","1","1","1","0","0","0","0","0","0","0","1"
"1207542.9",0,"1","0","0","0","0","0","0","0","0","0","0","0","0","0","0","0","0","0","1","1","1","1","1","1","1","1","0","0","0","0","0","0","0","1"
"1681.48",0,"1","0","0","0","0","0","0","0","0","0","0","0","0","0","0","0","0","0","1","1","1","1","1","1","1","1","0","0","0","0","0","0","0","1"
"1681.53",0,"1","0","0","0","0","0","0","0","0","0","0","0","0","0","0","0","0","0","1","1","1","1","1","1","1","1","0","0","0","0","0","0","0","1"
"398513.5",0,"1","0","0","0","0","0","0","0","0","0","0","0","0","0","0","0","0","0","1","1","1","1","1","1","1","1","0","0","0","0","0","0","0","1"
"1681.94",0,"1","0","0","0","0","0","0","0","0","0","0","0","0","0","0","0","0","0","1","1","1","1","1","1","1","1","0","0","0","0","0","0","0","1"
"702459.3",0,"1","0","0","0","0","0","0","0","0","0","0","0","0","0","0","0","0","0","1","1","1","1","1","1","1","1","0","0","0","0","0","0","0","1"
"883062.5",0,"1","0","0","0","0","0","0","0","0","0","0","0","0","0","0","0","0","0","1","1","1","1","1","1","1","1","0","0","0","0","0","0","0","1"
"1681.114",0,"1","0","0","0","0","0","0","0","0","0","0","0","0","0","0","0","0","0","1","1","1","1","1","1","1","1","0","0","0","0","0","0","0","1"
"1681.116",0,"1","0","0","0","0","0","0","0","0","0","0","0","0","0","0","0","0","0","1","1","1","1","1","1","1","1","0","0","0","0","0","0","0","1"
"1681.137",0,"1","0","0","0","0","0","0","0","0","0","0","0","0","0","0","0","0","0","1","1","1","1","1","1","1","1","0","0","0","0","0","0","0","1"
"1385938.3",1,"0","0","0","0","0","0","1","1","1","1","1","1","1","0","1","1","1","1","1","1","1","1","1","1","1","1","0","0","0","1","0","0","0","1"
"1385942.3",1,"1","1","0","0","0","1","1","1","1","1","1","1","1","0","1","1","1","1","1","1","1","1","1","1","1","1","0","0","0","1","0","0","0","1"
"866777.3",1,"0","0","0","0","0","0","1","1","1","1","1","1","1","0","1","1","1","1","1","1","1","1","1","1","1","1","0","0","0","1","0","0","0","1"
"216816.1985",1,"0","0","0","0","0","0","1","1","1","1","1","1","1","1","1","1","1","1","1","1","1","1","1","1","1","1","0","0","0","1","0","0","0","1"
"216816.1988",1,"0","0","0","0","0","0","1","1","1","1","1","1","1","1","1","1","1","1","1","1","1","1","1","1","1","1","0","0","0","1","0","0","0","1"
"1682.55",1,"0","0","0","0","0","0","1","1","1","1","1","1","1","1","1","1","1","1","1","1","1","1","1","1","1","1","0","0","0","1","0","0","0","1"
"1685.589",1,"0","0","0","0","0","0","1","1","1","1","1","1","1","1","1","1","1","1","1","1","1","1","1","1","1","1","0","0","0","1","0","0","0","1"
"1685.590",1,"0","0","0","0","0","0","1","1","1","1","1","1","1","1","1","1","1","1","1","1","1","1","1","1","1","1","0","0","0","1","0","0","0","1"
"1685.400",1,"1","1","0","0","0","1","1","1","1","1","1","1","1","1","1","1","1","1","1","1","1","1","1","1","1","1","0","0","0","1","0","0","0","1"
"1685.408",1,"0","0","0","0","0","0","1","1","1","1","1","1","1","1","1","1","1","1","1","1","1","1","1","1","1","1","0","0","0","1","0","0","0","1"
"1685.409",1,"0","0","0","0","0","0","1","1","1","1","1","1","1","1","1","1","1","1","1","1","1","1","1","1","1","1","0","0","0","1","0","0","0","1"
"1036735.3",1,"1","1","0","0","0","1","1","1","1","1","1","1","1","0","1","1","1","1","1","1","1","1","1","1","1","1","0","0","0","1","0","0","0","1"
"1074482.3",1,"0","0","0","0","0","0","1","1","1","1","1","1","1","0","1","1","1","1","1","1","1","1","1","1","1","1","0","0","0","1","0","0","0","1"
"518634.20",1,"0","0","0","0","0","0","1","1","1","1","1","1","1","0","1","1","1","1","1","1","1","1","1","1","1","1","0","0","0","1","0","0","0","1"
"1203540.3",1,"1","1","0","0","0","1","1","1","1","1","1","1","1","0","1","1","1","1","1","1","1","1","1","1","1","1","0","0","0","1","0","0","0","1"
"1385939.3",0,"1","1","0","0","0","1","1","1","1","1","1","1","1","0","1","1","1","1","1","1","1","1","1","1","1","1","1","0","0","0","0","0","0","1"
"1385940.3",0,"0","0","0","0","0","0","1","1","1","1","1","1","1","1","1","1","1","1","1","1","1","1","1","1","1","1","0","0","0","0","0","0","0","1"
"1685.1289",1,"0","0","0","0","0","0","1","1","1","1","1","1","1","1","1","1","1","1","1","1","1","1","1","1","1","1","0","0","0","1","0","0","0","1"
"1365960.3",1,"0","0","0","0","0","0","1","1","1","1","1","1","1","0","1","1","1","1","1","1","1","1","1","1","1","1","0","0","0","1","0","0","0","1"
"1365961.3",1,"0","0","0","0","0","0","1","1","1","1","1","1","1","0","1","1","1","1","1","1","1","1","1","1","1","1","0","0","0","1","0","0","0","1"
"1365962.3",1,"1","1","0","0","0","1","1","1","1","1","1","1","1","0","1","1","1","1","1","1","1","1","1","1","1","1","0","0","0","1","0","0","0","1"
"1365963.3",1,"0","0","0","0","0","0","1","1","1","1","1","1","1","0","1","1","1","1","1","1","1","1","1","1","1","1","0","0","0","1","0","0","0","1"
"1365964.3",1,"1","1","0","0","0","1","1","1","1","1","1","1","1","0","1","1","1","1","1","1","1","1","1","1","1","1","0","0","0","1","0","0","0","1"
"1365965.3",1,"0","0","0","0","0","0","1","1","1","1","1","1","1","0","1","1","1","1","1","1","1","1","1","1","1","1","0","0","0","1","0","0","0","1"
"1365966.3",0,"0","0","0","0","0","0","1","1","1","1","1","1","1","1","1","1","1","1","1","1","1","1","1","1","1","1","0","0","0","0","0","0","0","1"
"1365968.3",1,"0","0","0","0","0","0","1","1","1","1","1","1","1","0","1","1","1","1","1","1","1","1","1","1","1","1","0","0","0","1","0","0","0","1"
"1365969.3",0,"1","1","0","0","0","1","1","1","1","1","1","1","1","1","1","1","1","1","1","1","1","1","1","1","1","1","0","0","0","0","0","0","0","1"
"1385941.3",1,"0","0","0","0","0","0","1","1","1","1","1","1","1","0","1","1","1","1","1","1","1","1","1","1","1","1","0","0","0","1","0","0","0","1"
"1682.56",1,"0","0","0","0","0","0","1","1","1","1","1","1","1","1","1","1","1","1","1","1","1","1","1","1","1","1","0","0","0","1","0","0","0","1"
"6666666.201646",1,"1","1","0","0","0","1","1","1","1","1","1","1","1","0","1","1","1","1","1","1","1","1","1","1","1","1","0","0","0","1","0","0","0","1"
"326426.4",1,"0","0","0","0","0","0","1","1","1","1","1","1","1","0","1","1","1","1","1","1","1","1","1","1","1","1","0","0","0","1","0","0","0","1"
"1686.6",0,"1","0","0","0","0","1","0","0","1","1","1","1","0","0","1","0","0","0","0","1","1","1","1","1","1","0","0","0","0","0","0","0","0","1"
"566552.4",0,"0","0","0","0","0","0","1","1","1","1","1","1","0","0","1","0","0","0","1","1","1","1","1","1","1","0","0","0","0","0","0","0","0","1"
"630129.38",0,"1","0","1","0","0","1","0","0","1","1","1","1","0","0","1","0","0","0","0","1","1","1","1","1","1","0","0","0","0","0","0","0","0","1"
"1150460.7",0,"1","0","1","0","0","1","0","0","1","1","1","1","0","0","1","0","0","0","0","1","1","1","1","1","1","0","0","0","0","0","0","0","0","1"
"630129.13",0,"1","0","0","0","0","1","0","0","1","1","1","1","0","0","1","0","0","0","0","1","1","1","1","1","1","0","0","0","0","0","0","0","0","1"
"630129.10",0,"1","0","0","0","0","1","0","0","1","1","1","1","0","0","1","0","0","0","0","1","1","1","1","1","1","0","0","0","0","0","0","0","0","1"
"1447716.4",0,"1","0","1","0","0","1","0","0","1","1","1","1","0","0","1","0","0","0","0","1","1","1","1","1","1","0","0","0","0","0","0","0","0","1"
"871562.3",1,"1","1","0","0","0","1","1","0","1","1","1","1","1","1","1","1","1","1","1","1","1","1","1","1","1","0","0","0","0","1","0","0","0","1"
"401473.3",1,"1","1","0","0","0","1","1","0","1","1","1","1","1","1","1","1","1","1","1","1","1","1","1","1","1","0","0","0","0","1","0","0","0","1"
"1161409.3",1,"1","1","1","0","0","1","1","1","1","1","1","1","1","1","1","1","1","1","1","1","1","1","1","1","1","0","0","0","0","1","0","0","0","1"
"6666666.201629",1,"1","1","1","0","0","1","1","1","1","1","1","1","1","1","1","1","1","1","1","1","1","1","1","1","1","0","0","0","0","1","0","0","0","1"
"561180.4",1,"0","0","0","0","0","0","1","0","1","1","1","1","1","1","1","1","1","1","1","1","1","1","1","1","1","0","0","0","0","1","0","1","1","1"
"1694.11",1,"0","0","0","0","0","0","1","0","1","1","1","1","1","1","1","1","1","1","1","1","1","1","1","1","1","0","1","1","0","1","1","1","1","1"
"1690.84",1,"0","0","0","0","0","0","1","0","1","1","1","1","1","1","1","1","1","1","1","1","1","1","1","1","1","0","1","1","0","1","1","0","0","1"
"1447715.5",1,"0","0","0","0","0","0","1","0","1","1","1","1","1","1","1","1","1","1","1","1","1","1","1","1","1","0","1","1","0","1","1","1","1","1"
"630129.8",0,"1","0","1","0","0","1","0","0","1","1","1","1","0","0","1","0","0","0","0","1","1","1","1","1","1","0","0","0","0","0","0","0","0","1"
"1686.302",0,"0","0","0","0","0","0","1","1","1","1","1","1","0","0","1","0","0","0","1","1","1","1","1","1","1","0","0","0","0","0","0","0","0","1"
"28026.754",0,"1","0","0","0","0","1","0","0","1","1","1","1","0","0","1","0","0","0","0","1","1","1","1","1","1","0","0","0","0","0","0","0","0","1"
"391904.5",0,"0","0","0","0","0","0","1","1","1","1","1","1","0","0","1","0","0","0","0","1","1","1","1","1","1","1","0","0","0","0","0","0","0","1"
"1682.51",0,"0","0","0","0","0","0","1","1","1","1","1","1","0","0","1","0","0","0","0","1","1","1","1","1","1","1","0","0","0","0","0","0","0","1"
"1682.151",0,"0","0","0","0","0","0","1","1","1","1","1","1","0","0","1","0","0","0","0","1","1","1","1","1","1","1","0","0","0","0","0","0","0","1"
"1682.153",0,"0","0","0","0","0","0","1","1","1","1","1","1","0","0","1","0","0","0","0","1","1","1","1","1","1","1","0","0","0","0","0","0","0","1"
"1682.24",0,"0","0","0","0","0","0","1","1","1","1","1","1","0","0","1","0","0","0","0","1","1","1","1","1","1","1","0","0","0","0","0","0","0","1"
"1682.29",0,"0","0","0","0","0","0","1","1","1","1","1","1","0","0","1","0","0","0","0","1","1","1","1","1","1","1","0","0","0","0","0","0","0","1"
"1682.154",0,"0","0","0","0","0","0","1","1","1","1","1","1","0","0","1","0","0","0","0","1","1","1","1","1","1","1","0","0","0","0","0","0","0","1"
"1682.137",0,"0","0","0","0","0","0","1","1","1","1","1","1","0","0","1","0","0","0","0","1","1","1","1","1","1","1","0","0","0","0","0","0","0","1"
"1682.138",0,"0","0","0","0","0","0","1","1","1","1","1","1","0","0","1","0","0","0","0","1","1","1","1","1","1","1","0","0","0","0","0","0","0","1"
"1682.136",0,"0","0","0","0","0","0","1","1","1","1","1","1","0","0","1","0","0","0","0","1","1","1","1","1","1","1","0","0","0","0","0","0","0","1"
"1682.50",0,"0","0","0","0","0","0","1","1","1","1","1","1","0","0","1","0","0","0","0","1","1","1","1","1","1","1","0","0","0","0","0","0","0","1"
"1682.49",0,"0","0","0","0","0","0","1","1","1","1","1","1","0","0","1","0","0","0","0","1","1","1","1","1","1","1","0","0","0","0","0","0","0","1"
"1678.111",0,"0","0","0","0","0","0","1","1","1","1","1","1","0","0","1","0","0","0","0","1","1","1","1","1","1","1","0","0","0","0","0","0","0","1"
"1682.30",0,"0","0","0","0","0","0","1","1","1","1","1","1","0","0","1","0","0","0","0","1","1","1","1","1","1","1","0","0","0","0","0","0","0","1"
"216816.315",0,"0","0","0","0","0","0","1","1","1","1","1","1","0","0","1","0","0","0","0","1","1","1","1","1","1","1","0","0","0","0","0","0","0","1"
"1350471.3",0,"0","0","0","0","0","0","1","1","1","1","1","1","0","0","1","0","0","0","0","1","1","1","1","1","1","1","0","0","0","0","0","0","0","1"
"1161744.3",0,"0","0","0","0","0","0","1","1","1","1","1","1","0","0","1","0","0","0","0","1","1","1","1","1","1","1","0","0","0","0","0","0","0","1"
"216816.107",0,"0","0","0","0","0","0","1","1","1","1","1","1","0","0","1","0","0","0","0","1","1","1","1","1","1","1","0","0","0","0","0","0","0","1"
"469594.3",0,"0","0","0","0","0","0","1","1","1","1","1","1","0","0","1","0","0","0","0","1","1","1","1","1","1","1","0","0","0","0","0","0","0","1"
"565040.3",0,"0","0","0","0","0","0","1","1","1","1","1","1","0","0","1","0","0","0","0","1","1","1","1","1","1","1","0","0","0","0","0","0","0","1"
"1350473.3",0,"0","0","0","0","0","0","1","1","1","1","1","1","0","0","1","0","0","0","0","1","1","1","1","1","1","1","0","0","0","0","0","0","0","1"
"216816.146",0,"0","0","0","0","0","0","1","1","1","1","1","1","0","0","1","0","0","0","0","1","1","1","1","1","1","1","0","0","0","0","0","0","0","1"
"216816.145",0,"0","0","0","0","0","0","1","1","1","1","1","1","0","0","1","0","0","0","0","1","1","1","1","1","1","1","0","0","0","0","0","0","0","1"
"1161745.3",0,"0","0","0","0","0","0","1","1","1","1","1","1","0","0","1","0","0","0","0","1","1","1","1","1","1","1","0","0","0","0","0","0","0","1"
"1679.29",0,"0","0","0","0","0","0","1","1","1","1","1","1","0","0","1","0","0","0","0","1","1","1","1","1","1","1","0","0","0","0","0","0","0","1"
"216816.126",0,"0","0","0","0","0","0","1","1","1","1","1","1","0","0","1","0","0","0","0","1","1","1","1","1","1","1","0","0","0","0","0","0","0","1"
"1161904.3",0,"0","0","0","0","0","0","1","1","1","1","1","1","0","0","1","0","0","0","0","1","1","1","1","1","1","1","0","0","0","0","0","0","0","1"
"216816.117",0,"0","0","0","0","0","0","1","1","1","1","1","1","0","0","1","0","0","0","0","1","1","1","1","1","1","1","0","0","0","0","0","0","0","1"
"1161743.3",0,"0","0","0","0","0","0","1","1","1","1","1","1","0","0","1","0","0","0","0","1","1","1","1","1","1","1","0","0","0","0","0","0","0","1"
"1350472.3",0,"0","0","0","0","0","0","1","1","1","1","1","1","0","0","1","0","0","0","0","1","1","1","1","1","1","1","0","0","0","0","0","0","0","1"
"1457184.3",0,"0","0","0","0","0","0","1","1","1","1","1","1","0","0","1","0","0","0","0","1","1","1","1","1","1","1","0","0","0","0","0","0","0","1"
"216816.288",0,"0","0","0","0","0","0","1","1","1","1","1","1","0","0","1","0","0","0","0","1","1","1","1","1","1","1","0","0","0","0","0","0","0","1"
"216816.286",0,"0","0","0","0","0","0","1","1","1","1","1","1","0","0","1","0","0","0","0","1","1","1","1","1","1","1","0","0","0","0","0","0","0","1"
"216816.284",0,"0","0","0","0","0","0","1","1","1","1","1","1","0","0","1","0","0","0","0","1","1","1","1","1","1","1","0","0","0","0","0","0","0","1"
"216816.283",0,"1","1","0","0","0","1","1","1","1","1","1","1","0","0","1","0","0","0","0","1","1","1","1","1","1","1","0","0","0","0","0","0","0","1"
"216816.282",0,"0","0","0","0","0","0","1","1","1","1","1","1","0","0","1","0","0","0","0","1","1","1","1","1","1","1","0","0","0","0","0","0","0","1"
"216816.280",0,"0","0","0","0","0","0","1","1","1","1","1","1","0","0","1","0","0","0","0","1","1","1","1","1","1","1","0","0","0","0","0","0","0","1"
"216816.277",0,"0","0","0","0","0","0","1","1","1","1","1","1","0","0","1","0","0","0","0","1","1","1","1","1","1","1","0","0","0","0","0","0","0","1"
"216816.275",0,"0","0","0","0","0","0","1","1","1","1","1","1","0","0","1","0","0","0","0","1","1","1","1","1","1","1","0","0","0","0","0","0","0","1"
"216816.274",0,"0","0","0","0","0","0","1","1","1","1","1","1","0","0","1","0","0","0","0","1","1","1","1","1","1","1","0","0","0","0","0","0","0","1"
"216816.311",0,"0","0","0","0","0","0","1","1","1","1","1","1","0","0","1","0","0","0","0","1","1","1","1","1","1","1","0","0","0","0","0","0","0","1"
"216816.310",0,"0","0","0","0","0","0","1","1","1","1","1","1","0","0","1","0","0","0","0","1","1","1","1","1","1","1","0","0","0","0","0","0","0","1"
"216816.309",0,"0","0","0","0","0","0","1","1","1","1","1","1","0","0","1","0","0","0","0","1","1","1","1","1","1","1","0","0","0","0","0","0","0","1"
"216816.308",0,"0","0","0","0","0","0","1","1","1","1","1","1","0","0","1","0","0","0","0","1","1","1","1","1","1","1","0","0","0","0","0","0","0","1"
"1679.26",0,"0","0","0","0","0","0","1","1","1","1","1","1","0","0","1","0","0","0","0","1","1","1","1","1","1","1","0","0","0","0","0","0","0","1"
"216816.306",0,"0","0","0","0","0","0","1","1","1","1","1","1","0","0","1","0","0","0","0","1","1","1","1","1","1","1","0","0","0","0","0","0","0","1"
"216816.305",0,"0","0","0","0","0","0","1","1","1","1","1","1","0","0","1","0","0","0","0","1","1","1","1","1","1","1","0","0","0","0","0","0","0","1"
"216816.304",0,"0","0","0","0","0","0","1","1","1","1","1","1","0","0","1","0","0","0","0","1","1","1","1","1","1","1","0","0","0","0","0","0","0","1"
"216816.303",0,"0","0","0","0","0","0","1","1","1","1","1","1","0","0","1","0","0","0","0","1","1","1","1","1","1","1","0","0","0","0","0","0","0","1"
"216816.301",0,"1","1","0","0","0","1","1","1","1","1","1","1","0","0","1","0","0","0","0","1","1","1","1","1","1","1","0","0","0","0","0","0","0","1"
"216816.299",0,"0","0","0","0","0","0","1","1","1","1","1","1","0","0","1","0","0","0","0","1","1","1","1","1","1","1","0","0","0","0","0","0","0","1"
"216816.298",0,"0","0","0","0","0","0","1","1","1","1","1","1","0","0","1","0","0","0","0","1","1","1","1","1","1","1","0","0","0","0","0","0","0","1"
"216816.297",0,"0","0","0","0","0","0","1","1","1","1","1","1","0","0","1","0","0","0","0","1","1","1","1","1","1","1","0","0","0","0","0","0","0","1"
"216816.294",0,"0","0","0","0","0","0","1","1","1","1","1","1","0","0","1","0","0","0","0","1","1","1","1","1","1","1","0","0","0","0","0","0","0","1"
"216816.296",0,"0","0","0","0","0","0","1","1","1","1","1","1","0","0","1","0","0","0","0","1","1","1","1","1","1","1","0","0","0","0","0","0","0","1"
"216816.293",0,"0","0","0","0","0","0","1","1","1","1","1","1","0","0","1","0","0","0","0","1","1","1","1","1","1","1","0","0","0","0","0","0","0","1"
"216816.295",0,"0","0","0","0","0","0","1","1","1","1","1","1","0","0","1","0","0","0","0","1","1","1","1","1","1","1","0","0","0","0","0","0","0","1"
"216816.181",0,"0","0","0","0","0","0","1","1","1","1","1","1","0","0","1","0","0","0","0","1","1","1","1","1","1","1","0","0","0","0","0","0","0","1"
"216816.180",0,"0","0","0","0","0","0","1","1","1","1","1","1","0","0","1","0","0","0","0","1","1","1","1","1","1","1","0","0","0","0","0","0","0","1"
"216816.179",0,"0","0","0","0","0","0","1","1","1","1","1","1","0","0","1","0","0","0","0","1","1","1","1","1","1","1","0","0","0","0","0","0","0","1"
"216816.185",0,"0","0","0","0","0","0","1","1","1","1","1","1","0","0","1","0","0","0","0","1","1","1","1","1","1","1","0","0","0","0","0","0","0","1"
"216816.178",0,"0","0","0","0","0","0","1","1","1","1","1","1","0","0","1","0","0","0","0","1","1","1","1","1","1","0","0","0","0","0","0","0","0","1"
"216816.176",0,"0","0","0","0","0","0","1","1","1","1","1","1","0","0","1","0","0","0","0","1","1","1","1","1","1","1","0","0","0","0","0","0","0","1"
"216816.177",0,"0","0","0","0","0","0","1","1","1","1","1","1","0","0","1","0","0","0","0","1","1","1","1","1","1","1","0","0","0","0","0","0","0","1"
"216816.184",0,"0","0","0","0","0","0","1","1","1","1","1","1","0","0","1","0","0","0","0","1","1","1","1","1","1","1","0","0","0","0","0","0","0","1"
"216816.173",0,"0","0","0","0","0","0","1","1","1","1","1","1","0","0","1","0","0","0","0","1","1","1","1","1","1","1","0","0","0","0","0","0","0","1"
"216816.174",0,"0","0","0","0","0","0","1","1","1","1","1","1","0","0","1","0","0","0","0","1","1","1","1","1","1","1","0","0","0","0","0","0","0","1"
"216816.172",0,"0","0","0","0","0","0","1","1","1","1","1","1","0","0","1","0","0","0","0","1","1","1","1","1","1","1","0","0","0","0","0","0","0","1"
"216816.169",0,"0","0","0","0","0","0","1","1","1","1","1","1","0","0","1","0","0","0","0","1","1","1","1","1","1","1","0","0","0","0","0","0","0","1"
"216816.168",0,"0","0","0","0","0","0","1","1","1","1","1","1","0","0","1","0","0","0","0","1","1","1","1","1","1","1","0","0","0","0","0","0","0","1"
"548480.3",0,"0","0","0","0","0","0","1","1","1","1","1","1","0","0","1","0","0","0","0","1","1","1","1","1","1","1","0","0","0","0","0","0","0","1"
"890402.3",0,"0","0","0","0","0","0","1","1","1","1","1","1","0","0","1","0","0","0","0","1","1","1","1","1","1","1","0","0","0","0","0","0","0","1"
"216816.1984",0,"0","0","0","0","0","0","1","1","1","1","1","1","0","0","1","0","0","0","0","1","1","1","1","1","1","1","0","0","0","0","0","0","0","1"
"216816.2012",0,"0","0","0","0","0","0","1","1","1","1","1","1","0","0","1","0","0","0","0","1","1","1","1","1","1","1","0","0","0","0","0","0","0","1"
"216816.2011",0,"0","0","0","0","0","0","1","1","1","1","1","1","0","0","1","0","0","0","0","1","1","1","1","1","1","1","0","0","0","0","0","0","0","1"
"216816.1991",0,"0","0","0","0","0","0","1","1","1","1","1","1","0","0","1","0","0","0","0","1","1","1","1","1","1","1","0","0","0","0","0","0","0","1"
"216816.1983",0,"0","0","0","0","0","0","1","1","1","1","1","1","0","0","1","0","0","0","0","1","1","1","1","1","1","1","0","0","0","0","0","0","0","1"
"216816.114",0,"0","0","0","0","0","0","1","1","1","1","1","1","0","0","1","0","0","0","0","1","1","1","1","1","1","1","0","0","0","0","0","0","0","1"
"1679.8",0,"0","0","0","0","0","0","1","1","1","1","1","1","0","0","1","0","0","0","0","1","1","1","1","1","1","1","0","0","0","0","0","0","0","1"
"1679.51",0,"0","0","0","0","0","0","1","1","1","1","1","1","0","0","1","0","0","0","0","1","1","1","1","1","1","1","0","0","0","0","0","0","0","1"
"537937.5",0,"0","0","0","0","0","0","1","1","1","1","1","1","0","0","1","0","0","0","0","1","1","1","1","1","1","1","0","0","0","0","0","0","0","1"
"1679.10",0,"0","0","0","0","0","0","1","1","1","1","1","1","0","0","1","0","0","0","0","1","1","1","1","1","1","1","0","0","0","0","0","0","0","1"
"1682.23",0,"0","0","0","0","0","0","1","1","1","1","1","1","0","0","1","0","0","0","0","1","1","1","1","1","1","1","0","0","0","0","0","0","0","1"
"1205679.3",0,"0","0","0","0","0","0","1","1","1","1","1","1","0","0","1","0","0","0","0","1","1","1","1","1","1","1","0","0","0","0","0","0","0","1"
"216816.115",0,"0","0","0","0","0","0","1","1","1","1","1","1","0","0","1","0","0","0","0","1","1","1","1","1","1","1","0","0","0","0","0","0","0","1"
"205913.6",0,"0","0","0","0","0","0","1","1","1","1","1","1","0","0","1","0","0","0","0","1","1","1","1","1","1","1","0","0","0","0","0","0","0","1"
"216816.171",0,"0","0","0","0","0","0","1","1","1","1","1","1","0","0","1","0","0","0","0","1","1","1","1","1","1","1","0","0","0","0","0","0","0","1"
"216816.167",0,"0","0","0","0","0","0","1","1","1","1","1","1","0","0","1","0","0","0","0","1","1","1","1","1","1","1","0","0","0","0","0","0","0","1"
"216816.183",0,"0","0","0","0","0","0","1","1","1","1","1","1","0","0","1","0","0","0","0","1","1","1","1","1","1","1","0","0","0","0","0","0","0","1"
"216816.170",0,"0","0","0","0","0","0","1","1","1","1","1","1","0","0","1","0","0","0","0","1","1","1","1","1","1","1","0","0","0","0","0","0","0","1"
"216816.182",0,"0","0","0","0","0","0","1","1","1","1","1","1","0","0","1","0","0","0","0","1","1","1","1","1","1","1","0","0","0","0","0","0","0","1"
"1679.45",0,"0","0","0","0","0","0","1","1","1","1","1","1","0","0","1","0","0","0","0","1","1","1","1","1","1","1","0","0","0","0","0","0","0","1"
"216816.228",0,"0","0","0","0","0","0","1","1","1","1","1","1","0","0","1","0","0","0","0","1","1","1","1","1","1","1","0","0","0","0","0","0","0","1"
"1322347.4",0,"0","0","0","0","0","0","1","1","1","1","1","1","0","0","1","0","0","0","0","1","1","1","1","1","1","1","0","0","0","0","0","0","0","1"
"1457186.3",0,"0","0","0","0","0","0","1","1","1","1","1","1","0","0","1","0","0","0","0","1","1","1","1","1","1","1","0","0","0","0","0","0","0","1"
"1457185.3",0,"0","0","0","0","0","0","1","1","1","1","1","1","0","0","1","0","0","0","0","1","1","1","1","1","1","1","0","0","0","0","0","0","0","1"
"722911.3",0,"0","0","0","0","0","0","1","1","1","1","1","1","0","0","1","0","0","0","0","1","1","1","1","1","1","1","0","0","0","0","0","0","0","1"
"1300227.3",0,"0","0","0","0","0","0","1","1","1","1","1","1","0","0","1","0","0","0","0","1","1","1","1","1","1","1","0","0","0","0","0","0","0","1"
"216816.324",0,"0","0","0","0","0","0","1","1","1","1","1","1","0","0","1","0","0","0","0","1","1","1","1","1","1","1","0","0","0","0","0","0","0","1"
"216816.147",0,"0","0","0","0","0","0","1","1","1","1","1","1","0","0","1","0","0","0","0","1","1","1","1","1","1","1","0","0","0","0","0","0","0","1"
"565042.3",0,"0","0","0","0","0","0","1","1","1","1","1","1","0","0","1","0","0","0","0","1","1","1","1","1","1","1","0","0","0","0","0","0","0","1"
"1035817.4",0,"0","0","0","0","0","0","1","1","1","1","1","1","0","0","1","0","0","0","0","1","1","1","1","1","1","1","0","0","0","0","0","0","0","1"
"1679.14",0,"0","0","0","0","0","0","1","1","1","1","1","1","0","0","1","0","0","0","0","1","1","1","1","1","1","1","0","0","0","0","0","0","0","1"
"1679.20",0,"0","0","0","0","0","0","1","1","1","1","1","1","0","0","1","0","0","0","0","1","1","1","1","1","1","1","0","0","0","0","0","0","0","1"
"1679.22",0,"0","0","0","0","0","0","1","1","1","1","1","1","0","0","1","0","0","0","0","1","1","1","1","1","1","1","0","0","0","0","0","0","0","1"
"1679.23",0,"0","0","0","0","0","0","1","1","1","1","1","1","0","0","1","0","0","0","0","1","1","1","1","1","1","1","0","0","0","0","0","0","0","1"
"1679.24",0,"0","0","0","0","0","0","1","1","1","1","1","1","0","0","1","0","0","0","0","1","1","1","1","1","1","1","0","0","0","0","0","0","0","1"
"1679.13",0,"0","0","0","0","0","0","1","1","1","1","1","1","0","0","1","0","0","0","0","1","1","1","1","1","1","1","0","0","0","0","0","0","0","1"
"1350472.4",0,"0","0","0","0","0","0","1","1","1","1","1","1","0","0","1","0","0","0","0","1","1","1","1","1","1","1","0","0","0","0","0","0","0","1"
"206672.9",0,"0","0","0","0","0","0","1","1","1","1","1","1","0","0","1","0","0","0","0","1","1","1","1","1","1","1","0","0","0","0","0","0","0","1"
"1679.9",0,"0","0","0","0","0","0","1","1","1","1","1","1","0","0","1","0","0","0","0","1","1","1","1","1","1","1","0","0","0","0","0","0","0","1"
"216816.276",0,"0","0","0","0","0","0","1","1","1","1","1","1","0","0","1","0","0","0","0","1","1","1","1","1","1","1","0","0","0","0","0","0","0","1"
"216816.272",0,"0","0","0","0","0","0","1","1","1","1","1","1","0","0","1","0","0","0","0","1","1","1","1","1","1","1","0","0","0","0","0","0","0","1"
"1679.217",0,"0","0","0","0","0","0","1","1","1","1","1","1","0","0","1","0","0","0","0","1","1","1","1","1","1","1","0","0","0","0","0","0","0","1"
"216816.271",0,"0","0","0","0","0","0","1","1","1","1","1","1","0","0","1","0","0","0","0","1","1","1","1","1","1","1","0","0","0","0","0","0","0","1"
"216816.273",0,"0","0","0","0","0","0","1","1","1","1","1","1","0","0","1","0","0","0","0","1","1","1","1","1","1","1","0","0","0","0","0","0","0","1"
"216816.267",0,"0","0","0","0","0","0","1","1","1","1","1","1","0","0","1","0","0","0","0","1","1","1","1","1","1","1","0","0","0","0","0","0","0","1"
"216816.265",0,"0","0","0","0","0","0","1","1","1","1","1","1","0","0","1","0","0","0","0","1","1","1","1","1","1","1","0","0","0","0","0","0","0","1"
"216816.269",0,"0","0","0","0","0","0","1","1","1","1","1","1","0","0","1","0","0","0","0","1","1","1","1","1","1","1","0","0","0","0","0","0","0","1"
"216816.268",0,"0","0","0","0","0","0","1","1","1","1","1","1","0","0","1","0","0","0","0","1","1","1","1","1","1","1","0","0","0","0","0","0","0","1"
"216816.264",0,"0","0","0","0","0","0","1","1","1","1","1","1","0","0","1","0","0","0","0","1","1","1","1","1","1","1","0","0","0","0","0","0","0","1"
"216816.263",0,"0","0","0","0","0","0","1","1","1","1","1","1","0","0","1","0","0","0","0","1","1","1","1","1","1","1","0","0","0","0","0","0","0","1"
"216816.292",0,"0","0","0","0","0","0","1","1","1","1","1","1","0","0","1","0","0","0","0","1","1","1","1","1","1","1","0","0","0","0","0","0","0","1"
"216816.291",0,"0","0","0","0","0","0","1","1","1","1","1","1","0","0","1","0","0","0","0","1","1","1","1","1","1","1","0","0","0","0","0","0","0","1"
"216816.290",0,"0","0","0","0","0","0","1","1","1","1","1","1","0","0","1","0","0","0","0","1","1","1","1","1","1","1","0","0","0","0","0","0","0","1"
"216816.222",0,"0","0","0","0","0","0","1","1","1","1","1","1","0","0","1","0","0","0","0","1","1","1","1","1","1","1","0","0","0","0","0","0","0","1"
"1679.55",0,"0","0","0","0","0","0","1","1","1","1","1","1","0","0","1","0","0","0","0","1","1","1","1","1","1","1","0","0","0","0","0","0","0","1"
"1679.7",0,"0","0","0","0","0","0","1","1","1","1","1","1","0","0","1","0","0","0","0","1","1","1","1","1","1","1","0","0","0","0","0","0","0","1"
"1679.31",0,"0","0","0","0","0","0","1","1","1","1","1","1","0","0","1","0","0","0","0","1","1","1","1","1","1","1","0","0","0","0","0","0","0","1"
"216816.144",1,"0","0","0","0","0","0","1","1","1","1","1","1","1","1","1","1","1","1","1","1","1","1","1","1","1","1","0","0","0","1","0","0","0","1"
"216816.262",1,"0","0","0","0","0","0","1","1","1","1","1","1","1","1","1","1","1","1","1","1","1","1","1","1","1","1","0","0","0","1","0","0","0","1"
"216816.1981",1,"0","0","0","0","0","0","1","1","1","1","1","1","1","1","1","1","1","1","1","1","1","1","1","1","1","1","0","0","0","1","0","0","0","1"
"216816.186",0,"0","0","0","0","0","0","1","1","1","1","1","1","1","1","1","1","1","1","1","1","1","1","1","1","1","1","0","0","0","0","0","0","0","1"
"1695.38",0,"0","0","0","0","0","0","1","1","1","1","1","1","1","1","1","1","1","1","1","1","1","1","1","1","1","1","0","0","0","0","0","0","0","1"
"216816.1989",0,"0","0","0","0","0","0","1","1","1","1","1","1","0","0","1","0","0","0","0","1","1","1","1","1","1","1","0","0","0","0","0","0","0","1"
"1682.76",0,"1","0","1","1","1","1","1","1","1","1","1","1","1","1","1","1","1","1","1","1","1","1","1","1","1","1","0","0","0","0","0","0","0","1"
"216816.378",0,"0","0","0","0","0","0","1","1","1","1","1","1","0","0","1","0","0","0","0","1","1","1","1","1","1","1","0","0","0","0","0","0","0","1"
"759350.3",0,"0","0","0","0","0","0","1","1","1","1","1","1","1","1","1","1","1","1","1","1","1","1","1","1","1","1","0","0","0","0","0","0","0","1"
"28026.752",1,"0","0","0","0","0","0","1","1","1","1","1","1","0","0","1","0","0","0","1","1","1","1","1","1","1","0","0","0","0","1","0","0","0","1"
"28026.188",1,"1","0","0","0","0","1","0","0","1","1","1","1","0","1","1","0","0","0","1","1","1","1","1","1","1","0","0","0","0","1","0","0","0","1"
"28026.102",1,"1","0","1","0","0","1","0","0","1","1","1","1","1","1","1","1","1","1","1","1","1","1","1","1","1","0","0","0","0","1","1","0","1","1"
"28026.153",1,"1","0","0","0","0","1","0","1","1","1","1","1","1","1","1","1","1","1","1","1","1","1","1","1","1","0","0","0","0","1","1","0","1","1"
"28026.142",1,"1","0","0","0","0","1","0","0","1","1","1","1","1","1","1","1","1","1","1","1","1","1","1","1","1","0","0","0","0","1","0","0","0","1"
"28026.167",1,"1","0","1","0","0","1","0","0","1","1","1","1","1","1","1","1","1","1","1","1","1","1","1","1","1","0","0","0","0","1","1","0","1","1"
"28026.157",1,"1","0","0","0","0","1","0","0","1","1","1","1","0","1","1","0","0","0","1","1","1","1","1","1","1","0","0","0","0","1","0","0","0","1"
"28026.840",1,"1","0","0","0","0","1","0","0","1","1","1","1","0","1","1","0","0","0","1","1","1","1","1","1","1","0","0","0","0","1","0","0","0","1"
"28026.753",1,"1","0","1","0","0","1","0","0","1","1","1","1","0","1","1","0","0","0","1","1","1","1","1","1","1","0","0","0","0","1","0","0","0","1"
"28026.27",1,"0","0","0","0","0","0","1","1","1","1","1","1","0","0","1","0","0","0","1","1","1","1","1","1","1","0","0","0","0","1","0","0","0","1"
"28026.28",1,"1","0","1","0","0","1","0","0","1","1","1","1","1","1","1","1","1","1","1","1","1","1","1","1","1","0","0","0","0","1","1","0","1","1"
"28026.29",1,"1","0","0","0","0","1","0","0","1","1","1","1","0","1","1","0","0","0","1","1","1","1","1","1","1","0","0","0","0","1","0","0","0","1"
"28026.30",1,"1","0","0","0","0","1","0","0","1","1","1","1","0","1","1","0","0","0","1","1","1","1","1","1","1","0","0","0","0","1","0","0","0","1"
"28026.31",1,"1","0","1","0","0","1","0","0","1","1","1","1","0","1","1","0","0","0","1","1","1","1","1","1","1","0","0","0","0","1","0","0","0","1"
"28026.32",1,"1","0","1","0","0","1","0","0","1","1","1","1","0","1","1","0","0","0","1","1","1","1","1","1","1","0","0","0","0","1","0","0","0","1"
"28026.5",1,"1","0","1","0","0","1","0","0","1","1","1","1","1","1","1","1","1","1","1","1","1","1","1","1","1","0","0","0","0","1","0","0","0","1"
"547043.16",1,"1","0","1","0","0","1","0","0","1","1","1","1","1","1","1","1","1","1","1","1","1","1","1","1","1","0","0","0","0","1","1","0","1","1"
"1454376.3",1,"1","0","1","0","0","1","0","0","1","1","1","1","1","1","1","1","1","1","1","1","1","1","1","1","1","0","0","0","0","1","0","0","0","1"
"28026.1002",1,"1","0","1","0","0","1","0","0","1","1","1","1","1","1","1","1","1","1","1","1","1","1","1","1","1","0","0","0","0","1","1","0","1","1"
"28026.767",1,"1","0","0","0","0","1","0","0","1","1","1","1","1","1","1","1","1","1","1","1","1","1","1","1","1","0","0","0","0","1","1","0","1","1"
"6666666.205261",1,"1","0","0","0","0","1","0","0","1","1","1","1","1","1","1","1","1","1","1","1","1","1","1","1","1","0","0","0","0","1","1","0","1","1"
"28026.137",1,"1","0","1","0","0","1","0","0","1","1","1","1","1","1","1","1","1","1","1","1","1","1","1","1","1","0","0","0","0","1","0","0","0","1"
"28026.128",1,"1","0","1","0","0","1","0","0","1","1","1","1","1","1","1","1","1","1","1","1","1","1","1","1","1","0","0","0","0","1","0","0","0","1"
"216816.113",0,"1","0","1","0","0","0","1","0","1","1","1","1","1","1","1","1","1","1","1","1","1","1","1","1","1","1","0","0","0","0","0","0","0","1"
"1150461.5",0,"1","0","1","0","0","0","1","0","1","1","1","1","1","1","1","1","1","1","1","1","1","1","1","1","1","1","0","0","0","0","0","0","0","1"
"1254439.12",1,"1","0","0","0","0","1","0","0","1","1","1","1","1","1","1","1","1","1","1","1","1","1","1","1","1","0","1","0","0","1","0","0","0","1"
"mock1",0,"1","0","0","0","0","0","0","0","1","0","0","0","0","0","0","0","0","0","1","1","1","1","1","1","1","1","0","0","0","0","0","0","0","1"
"mock2",0,"1","0","0","0","0","0","0","0","1","0","0","0","0","0","0","0","0","0","1","1","1","1","1","1","1","1","0","0","0","0","0","0","0","1"
"mock3",0,"1","0","0","0","0","0","0","0","1","0","0","0","0","0","0","0","0","0","1","1","1","1","1","1","1","1","0","0","0","0","0","0","0","1"
"mock4",0,"1","0","0","0","0","0","0","0","1","0","0","0","0","0","0","0","0","0","1","1","1","1","1","1","1","1","0","0","0","0","0","0","0","1"
"mock5",0,"1","0","0","0","0","0","0","0","1","0","0","0","0","0","0","0","0","0","1","1","1","1","1","1","1","1","0","0","0","0","0","0","0","1"
"mock6",0,"1","0","0","0","0","0","0","0","0","1","1","0","0","0","0","0","0","0","1","1","1","1","1","1","1","1","0","0","0","0","0","0","0","1"
"mock7",0,"1","0","0","0","0","0","0","0","0","1","1","0","0","0","0","0","0","0","1","1","1","1","1","1","1","1","0","0","0","0","0","0","0","1"
"mock8",0,"1","0","0","0","0","0","0","0","0","1","1","0","0","0","0","0","0","0","1","1","1","1","1","1","1","1","0","0","0","0","0","0","0","1"
"mock9",0,"1","0","0","0","0","0","0","0","0","1","1","0","0","0","0","0","0","0","1","1","1","1","1","1","1","1","0","0","0","0","0","0","0","1"
"mock10",0,"1","0","0","0","0","0","0","0","0","1","1","0","0","0","0","0","0","0","1","1","1","1","1","1","1","1","0","0","0","0","0","0","0","1"
"mock11",0,"0","0","0","0","0","1","0","0","0","0","0","0","0","0","0","0","0","0","0","1","1","1","1","1","1","1","0","0","0","0","0","0","0","1"
"mock12",0,"0","0","0","0","0","0","1","1","0","0","0","0","1","0","1","0","0","0","1","1","1","1","1","1","0","1","1","0","0","1","0","0","0","0"
"mock13",0,"1","0","0","0","0","0","0","0","0","0","0","0","0","0","0","0","0","0","1","1","1","1","1","1","1","1","0","0","0","1","0","0","0","0"
"mock14",0,"1","0","0","0","0","0","0","0","0","0","0","0","0","0","0","0","0","0","1","1","1","1","1","1","1","1","0","0","0","1","0","0","0","0"
"mock15",0,"1","0","0","0","0","0","0","0","0","0","0","0","0","0","0","0","0","0","1","1","1","1","1","1","1","1","0","0","0","1","0","0","0","0"
"mock16",0,"1","0","0","0","0","0","0","0","0","1","1","0","0","0","0","0","0","0","1","1","1","1","1","1","1","1","0","0","0","1","0","0","0","1"
"mock17",0,"1","0","0","0","0","0","0","0","0","1","1","0","0","0","0","0","0","0","1","1","1","1","1","1","1","1","0","0","0","1","0","0","0","1"
"mock18",0,"1","0","0","0","0","0","0","0","0","1","1","0","0","0","0","0","0","0","1","1","1","1","1","0","1","1","0","0","0","1","0","0","0","1"
"mock19",0,"0","0","0","0","0","1","0","0","0","0","0","0","0","0","0","0","0","0","0","1","1","1","1","1","0","0","1","0","1","1","0","0","0","1"
"mock20",0,"1","0","0","0","0","1","0","0","0","0","0","0","0","0","0","0","0","0","0","1","1","1","1","1","0","0","1","0","1","1","0","0","0","1"
"mock21",0,"0","0","0","0","0","1","0","0","0","0","0","0","0","0","0","0","0","0","0","1","1","1","1","1","1","1","0","0","0","1","0","1","1","1"
"mock22",0,"0","0","0","0","0","0","0","1","1","1","1","1","1","0","1","1","1","1","1","1","1","1","1","0","1","0","0","0","0","0","0","0","0","0"
"mock23",0,"0","0","0","0","0","0","0","1","1","1","1","1","1","0","1","1","1","1","1","1","1","1","1","0","1","0","0","0","0","0","0","0","0","0"
"mock24",0,"0","0","0","0","0","0","0","1","1","1","1","1","1","0","1","1","1","1","1","1","1","1","1","0","1","0","0","0","0","0","0","0","0","0"
"mock25",0,"0","0","0","0","0","0","0","1","1","1","1","1","1","1","1","1","1","1","1","1","1","1","1","1","1","1","0","0","0","0","0","0","0","0"
"mock26",0,"0","0","0","0","0","0","0","1","1","1","1","1","1","1","1","1","1","1","1","1","1","1","1","1","1","1","0","0","0","0","0","0","0","0"
"mock27",0,"0","0","0","0","0","0","0","1","1","1","1","1","1","1","1","1","1","1","1","1","1","1","1","1","1","1","0","0","0","0","0","0","0","0"
"mock28",0,"0","0","0","0","0","1","1","0","0","0","0","0","1","1","1","1","1","1","1","1","1","1","1","1","1","0","0","0","0","0","0","0","0","1"
"mock29",0,"0","0","0","0","0","0","0","0","0","1","1","1","1","1","1","1","1","1","1","1","1","0","1","1","1","0","0","1","0","0","0","0","0","1"
"mock30",0,"0","0","0","0","0","1","1","0","0","0","0","0","1","1","1","1","1","1","1","1","1","1","1","1","1","0","0","0","0","0","0","0","0","1"
"mock31",0,"0","0","0","0","0","1","1","0","0","0","1","0","1","1","1","1","1","1","1","1","1","1","1","0","1","0","0","0","0","0","0","0","0","1"
"mock32",0,"0","0","0","0","0","1","1","0","0","0","0","0","1","1","1","1","1","1","1","1","1","1","1","1","1","0","0","0","0","0","0","0","0","1"
"mock33",0,"0","0","0","0","0","0","1","0","0","1","1","1","1","1","1","1","1","1","1","1","1","1","1","1","1","0","0","1","0","0","0","0","0","1"
"mock34",0,"1","0","1","0","0","0","1","0","1","0","0","1","1","1","1","1","1","1","1","1","1","1","1","1","1","1","0","0","0","0","0","0","0","1"
"mock35",0,"1","0","1","0","0","0","1","0","1","0","0","1","1","1","1","1","1","1","1","1","1","1","1","1","1","1","0","0","0","0","0","0","0","1"
"mock36",0,"0","0","1","0","0","0","1","0","1","0","0","1","1","1","1","1","1","1","1","1","1","1","1","1","1","1","0","0","0","0","0","0","0","1"
"mock37",0,"1","0","1","0","0","0","1","0","1","0","0","1","1","1","1","1","1","1","1","1","0","1","1","1","0","1","0","0","0","0","0","0","0","1"
"mock38",0,"0","0","0","0","0","1","1","0","0","0","0","0","1","1","1","1","1","1","1","1","1","1","1","1","1","0","0","0","0","0","0","0","0","1"
"mock39",0,"0","0","0","0","0","1","1","0","0","0","0","0","1","1","1","1","1","1","1","1","1","1","1","1","1","0","0","0","0","0","0","0","0","1"
"mock40",0,"0","0","0","0","0","0","0","0","0","1","1","1","1","1","1","1","1","1","1","1","1","0","1","1","1","0","0","1","0","0","0","0","0","1"
"mock41",0,"0","0","0","0","0","1","1","0","0","0","0","0","1","1","1","1","1","1","1","1","1","1","1","1","1","0","0","0","0","0","0","0","0","1"
"mock42",0,"0","0","0","0","0","1","1","0","0","0","1","0","1","1","1","1","1","1","1","1","1","1","1","0","1","0","0","0","0","0","0","0","0","1"
"mock43",0,"0","0","0","0","0","1","1","0","0","0","0","0","1","1","1","1","1","1","1","1","1","1","1","1","1","0","0","0","0","0","0","0","0","1"
"mock44",0,"0","0","0","0","0","0","1","0","0","1","1","1","1","1","1","1","1","1","1","1","1","1","1","1","1","0","0","1","0","0","0","0","0","1"
"mock45",0,"1","0","1","0","0","0","1","0","1","0","0","1","1","1","1","1","1","1","1","1","1","1","1","1","1","1","0","0","0","0","0","0","0","1"
"mock46",0,"1","0","1","0","0","0","1","0","1","0","0","1","1","1","1","1","1","1","1","1","1","1","1","1","1","1","0","0","0","0","0","0","0","1"
"mock47",0,"0","0","1","0","0","0","1","0","1","0","0","1","1","1","1","1","1","1","1","1","1","1","1","1","1","1","0","0","0","0","0","0","0","1"
"mock48",0,"1","0","1","0","0","0","1","0","1","0","0","1","1","1","1","1","1","1","1","1","0","1","1","1","0","1","0","0","0","0","0","0","0","1"
"mock49",0,"0","0","0","0","0","1","1","0","0","0","0","0","1","1","1","1","1","1","1","1","1","1","1","1","1","0","0","0","0","0","0","0","0","1"
"mock50",0,"0","0","0","0","0","1","1","0","0","0","0","0","1","1","1","1","1","1","1","1","1","1","1","1","0","0","1","0","1","0","0","0","0","1"
"mock51",0,"1","0","0","0","0","1","1","0","1","1","1","0","0","1","1","0","0","0","1","1","1","1","1","1","1","0","1","0","1","0","0","0","0","1"
"mock52",0,"1","0","0","0","0","1","1","0","1","1","1","0","0","1","1","0","0","0","1","1","1","1","1","1","1","0","1","0","1","0","0","0","0","1"
"mock53",0,"1","0","0","0","0","1","1","0","1","1","1","0","0","1","1","0","0","0","1","1","1","1","1","1","1","0","1","0","1","0","0","0","0","1"
"mock54",0,"1","0","0","0","0","1","1","0","1","1","1","0","0","1","1","0","0","0","1","1","1","1","1","1","1","0","1","0","1","0","0","0","0","1"
"mock55",0,"1","0","0","0","0","1","1","0","1","1","1","0","0","1","1","0","0","0","1","1","1","1","1","1","1","0","1","0","1","0","0","0","0","1"
"mock56",0,"1","0","0","0","0","1","1","1","1","1","1","1","1","1","1","0","0","1","1","1","1","1","1","1","0","0","1","0","0","0","0","0","0","1"
"mock57",0,"1","0","0","0","0","1","1","1","1","1","1","1","1","1","1","0","0","1","1","1","1","1","1","1","0","0","1","0","0","0","0","0","0","1"
"mock58",0,"1","0","0","0","0","1","1","1","1","1","1","1","1","1","1","0","0","1","1","1","1","1","1","1","0","0","1","0","0","0","0","0","0","1"
"mock59",0,"1","0","0","0","0","1","1","1","1","1","1","1","1","1","1","0","0","1","1","1","1","1","1","1","0","0","1","0","0","0","0","0","0","1"
"mock60",0,"1","0","0","0","0","1","1","1","1","1","1","1","1","1","1","0","0","1","1","1","1","1","1","1","0","0","1","0","0","0","0","0","0","1"
"mock61",0,"0","0","0","0","0","0","1","1","1","1","1","1","0","0","1","0","0","0","0","1","1","1","1","1","1","1","0","0","1","0","0","0","0","1"
"mock62",0,"0","0","0","0","0","0","1","1","1","1","1","1","0","0","1","0","0","0","0","1","1","1","1","1","1","1","0","0","1","0","0","0","0","1"
"mock63",0,"0","0","0","0","0","0","1","1","1","1","1","1","0","0","1","0","0","0","0","1","1","1","1","1","1","1","0","0","1","0","0","0","0","1"
"mock64",1,"1","0","1","0","0","1","0","0","0","0","0","0","0","0","0","0","0","0","0","1","1","1","1","1","0","1","0","0","0","1","0","0","0","1"
"mock65",1,"1","0","1","0","0","1","0","0","0","0","0","0","0","0","0","0","0","0","0","1","1","1","1","1","1","0","1","0","1","1","0","0","0","1"
"mock66",1,"1","0","1","0","0","1","0","0","0","0","0","0","0","0","0","0","0","0","0","1","1","1","1","1","1","0","1","0","1","1","0","0","0","1"
"mock67",1,"1","0","1","0","0","1","0","0","0","0","0","0","0","0","0","0","0","0","0","1","1","1","1","1","1","0","1","0","1","1","0","0","0","1"
"mock68",1,"1","0","1","0","0","1","0","0","0","0","0","0","0","0","0","0","0","0","0","1","1","1","1","1","1","0","1","0","1","1","0","0","0","1"
"mock69",1,"1","0","1","0","0","1","0","0","0","0","0","0","0","0","0","0","0","0","0","1","1","1","1","1","1","0","1","0","1","1","0","0","0","1"
"mock70",0,"1","1","1","0","0","1","0","0","0","0","0","0","0","0","0","0","0","0","0","1","1","1","1","1","0","1","0","0","0","0","0","1","0","1"
"mock71",0,"1","1","1","0","0","1","0","0","0","0","0","0","0","0","0","0","0","0","0","1","1","1","1","1","0","1","0","0","0","0","0","1","0","1"
"mock72",0,"1","1","1","0","0","1","0","0","0","0","0","0","0","0","0","0","0","0","0","1","1","1","1","1","0","1","0","0","0","0","1","1","0","1"
"mock73",1,"1","1","1","0","0","1","0","0","0","0","0","0","0","0","0","0","0","0","0","1","1","1","1","1","0","1","0","0","0","1","0","0","1","1"
"mock74",1,"1","0","0","0","0","1","1","0","1","0","0","1","1","0","1","0","0","0","0","1","1","1","1","1","0","1","1","0","0","1","0","0","0","1"
"mock75",1,"1","0","0","0","0","0","0","0","0","1","1","1","1","1","1","1","1","1","1","1","1","0","1","1","0","1","0","0","0","1","0","0","0","1"
"mock76",1,"0","0","1","0","0","0","0","1","1","1","1","1","1","0","1","1","1","1","1","1","1","1","1","1","0","1","0","0","0","1","0","0","0","1"
"mock77",1,"1","0","0","0","0","1","1","0","1","1","1","0","0","1","1","0","0","0","1","1","1","1","1","1","1","1","0","0","0","1","0","0","0","1"
"mock78",1,"1","0","1","0","0","1","1","0","0","0","0","0","1","1","1","0","1","1","1","1","0","1","1","1","1","0","1","0","1","1","0","0","0","1"
"mock79",1,"1","0","1","0","0","1","1","0","0","0","0","0","1","1","1","0","1","1","1","1","0","1","1","1","1","0","1","0","1","1","0","0","0","1"
"mock80",1,"1","0","1","0","0","1","1","0","0","0","0","0","1","1","1","0","1","1","1","1","0","1","1","1","1","0","1","0","1","1","0","0","0","1"
"mock81",0,"0","0","0","0","0","0","1","0","1","1","1","1","1","1","1","1","0","0","1","1","1","1","1","1","1","0","0","1","0","0","1","0","0","1"
"mock82",0,"0","0","0","0","0","0","1","0","1","1","1","1","1","1","1","1","0","0","1","1","1","1","1","1","1","0","0","1","0","0","1","0","0","1"
"mock83",0,"0","0","0","0","0","0","1","0","1","1","1","1","1","1","1","1","0","0","1","1","1","1","1","1","1","0","0","1","0","0","1","0","0","1"
"mock84",0,"0","0","0","0","0","0","1","1","1","1","1","1","0","0","1","0","0","0","0","1","1","1","1","1","0","1","0","0","0","0","1","0","0","0"
"mock85",0,"0","0","0","0","0","0","1","1","1","1","1","1","1","0","1","0","0","0","0","1","1","1","1","1","0","1","0","0","0","0","1","0","0","0"
"mock86",0,"1","1","1","0","0","1","1","0","0","1","1","1","1","1","1","1","1","1","1","1","1","1","1","1","0","1","0","0","0","0","0","1","0","1"
"mock87",0,"1","0","1","0","0","1","1","0","1","1","1","1","1","1","1","1","1","1","1","1","1","1","1","1","0","1","0","0","0","0","0","1","0","1"
"mock88",0,"1","0","0","0","0","1","1","0","0","0","0","0","1","1","1","0","1","1","1","1","1","1","1","1","0","0","0","0","0","0","0","0","0","0"
"mock89",0,"1","0","1","0","0","1","0","0","1","1","1","1","0","1","1","0","0","0","1","1","1","1","1","1","0","0","0","0","0","0","1","0","1","1"
"mock90",0,"0","0","1","0","0","0","1","1","1","1","1","1","0","0","1","0","0","0","1","1","0","1","1","0","0","1","0","0","0","0","0","0","0","1"
"mock91",0,"0","0","0","0","0","1","1","0","1","1","1","1","0","1","1","0","0","0","1","1","1","1","1","1","0","1","0","0","0","0","1","0","1","0"
"mock92",0,"0","0","0","0","0","0","0","0","1","1","1","1","0","0","0","0","0","0","0","1","1","1","1","1","1","1","0","0","0","0","0","1","0","1"
"mock93",0,"0","0","0","0","0","0","0","0","1","1","1","1","0","0","0","0","0","0","0","1","1","1","1","1","1","1","0","0","0","0","0","1","0","1"
"mock94",0,"0","0","0","0","0","0","0","0","1","1","1","1","0","0","0","0","0","0","0","1","1","1","1","1","1","1","0","0","0","0","0","1","0","1"
"mock95",1,"0","0","0","0","0","0","1","1","1","1","1","1","0","0","1","0","0","0","0","1","1","1","1","1","0","1","0","0","0","1","1","0","0","0"
"mock96",1,"0","0","0","0","0","0","1","1","1","1","1","1","0","0","1","0","0","0","0","1","1","1","1","1","0","1","0","0","0","1","1","0","0","1"
"mock97",1,"0","0","0","0","0","0","0","0","1","1","1","1","0","0","0","0","0","0","0","1","1","1","1","1","0","1","1","0","0","1","1","0","0","1"
"mock98",1,"0","0","0","0","0","0","0","0","1","1","1","1","0","0","0","0","0","0","0","1","1","1","1","1","0","1","0","0","0","1","0","0","1","1"
"mock99",1,"1","0","1","0","0","1","0","0","1","1","1","1","0","1","1","0","0","0","1","1","1","1","1","1","0","1","0","0","0","1","0","0","1","1"
"mock100",1,"1","0","1","0","0","1","0","0","1","1","1","1","0","1","1","0","0","0","1","1","1","1","1","1","0","1","0","0","0","1","0","0","1","1"
"mock101",1,"1","0","0","0","0","1","1","0","0","0","0","0","1","1","1","0","1","1","1","1","1","1","1","1","0","1","1","0","0","1","1","0","0","1"
"mock102",1,"1","0","1","0","0","1","0","0","1","1","1","1","0","1","1","0","0","0","1","1","1","1","1","1","0","1","0","0","0","1","0","0","1","1"
"mock103",1,"1","0","1","0","0","1","0","0","1","1","1","1","0","1","1","0","0","0","1","1","1","1","1","1","0","1","0","0","0","1","0","0","1","0"
"mock104",1,"0","0","1","0","0","0","1","1","1","1","1","1","0","0","1","0","0","0","1","1","0","1","1","1","0","1","0","0","0","1","0","0","0","1"
"mock105",1,"0","0","0","0","0","0","0","0","1","1","1","1","0","0","0","0","0","0","0","1","1","1","1","1","0","1","1","0","0","1","1","1","1","1"
"mock106",1,"0","0","0","0","0","1","1","0","0","0","0","0","1","1","1","1","1","1","1","1","1","1","1","1","0","1","1","0","0","1","0","0","1","1"
"mock107",1,"1","0","0","0","0","1","1","0","1","1","1","1","1","1","1","1","1","1","1","1","1","1","1","1","1","0","1","0","1","1","0","1","0","1"
"mock108",1,"1","0","0","0","0","1","1","0","1","1","1","1","1","1","1","1","1","1","1","1","1","1","1","1","1","0","1","0","1","1","0","1","0","1"
"mock109",1,"1","0","0","0","0","1","1","0","1","1","1","1","1","1","1","1","1","1","1","1","1","1","1","1","1","0","1","0","1","1","0","1","0","1"
"mock110",0,"0","0","0","0","0","0","0","0","0","0","0","0","0","1","0","0","0","0","1","1","1","1","1","1","1","0","0","0","0","1","0","1","1","1"
"mock111",0,"0","0","0","0","0","0","0","0","0","0","0","0","0","1","0","0","0","0","1","1","1","1","1","1","1","0","0","0","0","1","0","1","1","1"
"mock112",0,"0","0","0","0","0","0","0","0","0","0","0","0","0","1","0","0","0","0","1","1","1","1","1","1","1","0","0","0","0","1","0","1","1","1"
"mock113",1,"1","1","0","0","0","1","0","0","0","0","0","0","1","1","0","1","1","1","0","1","1","1","1","1","0","0","0","0","0","1","0","0","0","1"
"mock114",1,"1","1","0","0","0","1","0","0","0","0","0","0","1","1","0","1","1","1","0","1","1","1","1","1","0","0","0","0","0","1","0","0","0","1"
"mock115",1,"1","1","1","0","0","1","1","0","0","0","0","0","0","1","1","1","1","1","1","1","1","1","1","1","0","0","0","0","0","1","0","0","0","1"
"mock116",0,"0","0","0","0","0","1","0","0","0","0","0","0","0","0","0","0","0","0","0","1","1","1","1","1","1","0","1","0","1","1","0","0","0","1"
"mock117",0,"1","0","0","0","0","1","1","1","0","0","0","0","1","1","1","0","0","0","1","1","1","1","1","1","1","0","1","0","0","1","0","0","0","1"
